Entity,Code,Year,Productivity (PWT 9.1 (2019))
Argentina,ARG,1950,3.1323583
Argentina,ARG,1951,3.1537223
Argentina,ARG,1952,2.8275332
Argentina,ARG,1953,2.963201
Argentina,ARG,1954,3.0450959
Argentina,ARG,1955,3.2100456
Argentina,ARG,1956,3.2442515
Argentina,ARG,1957,3.3627226
Argentina,ARG,1958,3.5632772
Argentina,ARG,1959,3.305795
Argentina,ARG,1960,3.5032043
Argentina,ARG,1961,3.5834718
Argentina,ARG,1962,3.6150167
Argentina,ARG,1963,3.4547565
Argentina,ARG,1964,3.5960059
Argentina,ARG,1965,4.0012131
Argentina,ARG,1966,4.0533223
Argentina,ARG,1967,4.1533222
Argentina,ARG,1968,4.2373619
Argentina,ARG,1969,4.6145616
Argentina,ARG,1970,4.7078919
Argentina,ARG,1971,4.8136106
Argentina,ARG,1972,4.8590355
Argentina,ARG,1973,5.0915828
Argentina,ARG,1974,5.1528296
Argentina,ARG,1975,5.0658374
Argentina,ARG,1976,5.0872693
Argentina,ARG,1977,5.3133326
Argentina,ARG,1978,5.203927
Argentina,ARG,1979,5.4606805
Argentina,ARG,1980,5.4924817
Argentina,ARG,1981,5.5658088
Argentina,ARG,1982,5.7907901
Argentina,ARG,1983,6.1241703
Argentina,ARG,1984,6.4134645
Argentina,ARG,1985,6.2528167
Argentina,ARG,1986,6.801054
Argentina,ARG,1987,7.1421461
Argentina,ARG,1988,7.5077691
Argentina,ARG,1989,7.210247
Argentina,ARG,1990,7.9278641
Argentina,ARG,1991,9.1064196
Argentina,ARG,1992,10.624586
Argentina,ARG,1993,12.120313
Argentina,ARG,1994,13.41672
Argentina,ARG,1995,15.668852
Argentina,ARG,1996,19.797655
Argentina,ARG,1997,18.918245
Argentina,ARG,1998,18.077232
Argentina,ARG,1999,16.997791
Argentina,ARG,2000,17.088823
Argentina,ARG,2001,16.888453
Argentina,ARG,2002,16.212681
Argentina,ARG,2003,16.699135
Argentina,ARG,2004,16.864653
Argentina,ARG,2005,17.18429
Argentina,ARG,2006,17.67194
Argentina,ARG,2007,18.664129
Argentina,ARG,2008,19.550049
Argentina,ARG,2009,18.543003
Argentina,ARG,2010,20.23
Argentina,ARG,2011,21.44911
Argentina,ARG,2012,21.437298
Argentina,ARG,2013,21.548719
Argentina,ARG,2014,21.15003
Argentina,ARG,2015,21.29937
Argentina,ARG,2016,21.183163
Argentina,ARG,2017,21.749641
Australia,AUS,1950,13.322768
Australia,AUS,1951,12.820562
Australia,AUS,1952,12.497678
Australia,AUS,1953,14.030227
Australia,AUS,1954,14.992547
Australia,AUS,1955,15.641343
Australia,AUS,1956,15.745474
Australia,AUS,1957,15.792577
Australia,AUS,1958,17.090656
Australia,AUS,1959,18.153866
Australia,AUS,1960,18.05427
Australia,AUS,1961,18.552853
Australia,AUS,1962,19.15642
Australia,AUS,1963,19.981464
Australia,AUS,1964,20.298876
Australia,AUS,1965,19.985029
Australia,AUS,1966,20.664099
Australia,AUS,1967,20.986965
Australia,AUS,1968,22.093
Australia,AUS,1969,23.179087
Australia,AUS,1970,23.250698
Australia,AUS,1971,23.88142
Australia,AUS,1972,24.58086
Australia,AUS,1973,25.215528
Australia,AUS,1974,23.592522
Australia,AUS,1975,24.323568
Australia,AUS,1976,24.920927
Australia,AUS,1977,25.126692
Australia,AUS,1978,26.238943
Australia,AUS,1979,26.66614
Australia,AUS,1980,26.848894
Australia,AUS,1981,28.003149
Australia,AUS,1982,27.646475
Australia,AUS,1983,29.969896
Australia,AUS,1984,29.874096
Australia,AUS,1985,29.848671
Australia,AUS,1986,29.151663
Australia,AUS,1987,30.814905
Australia,AUS,1988,31.502882
Australia,AUS,1989,31.221367
Australia,AUS,1990,31.074718
Australia,AUS,1991,31.9223
Australia,AUS,1992,33.419811
Australia,AUS,1993,34.15519
Australia,AUS,1994,34.381001
Australia,AUS,1995,34.892288
Australia,AUS,1996,36.566433
Australia,AUS,1997,38.199703
Australia,AUS,1998,39.136868
Australia,AUS,1999,40.284904
Australia,AUS,2000,40.52187
Australia,AUS,2001,42.122478
Australia,AUS,2002,42.412212
Australia,AUS,2003,43.462162
Australia,AUS,2004,44.333633
Australia,AUS,2005,45.976162
Australia,AUS,2006,46.081429
Australia,AUS,2007,45.908466
Australia,AUS,2008,47.30357
Australia,AUS,2009,47.501831
Australia,AUS,2010,50.50304
Australia,AUS,2011,52.322773
Australia,AUS,2012,52.503056
Australia,AUS,2013,53.549725
Australia,AUS,2014,54.28088
Australia,AUS,2015,51.537594
Australia,AUS,2016,54.122646
Australia,AUS,2017,54.590942
Austria,AUT,1950,5.9696288
Austria,AUT,1951,6.162632
Austria,AUT,1952,6.4790483
Austria,AUT,1953,6.8858743
Austria,AUT,1954,7.1864848
Austria,AUT,1955,7.5257998
Austria,AUT,1956,7.8418093
Austria,AUT,1957,8.0817518
Austria,AUT,1958,8.3513241
Austria,AUT,1959,8.5183754
Austria,AUT,1960,8.9745646
Austria,AUT,1961,9.4762421
Austria,AUT,1962,9.8458424
Austria,AUT,1963,10.383104
Austria,AUT,1964,10.973978
Austria,AUT,1965,11.466452
Austria,AUT,1966,12.227798
Austria,AUT,1967,12.888776
Austria,AUT,1968,13.711351
Austria,AUT,1969,14.518495
Austria,AUT,1970,15.88798
Austria,AUT,1971,16.59812
Austria,AUT,1972,17.305473
Austria,AUT,1973,18.008989
Austria,AUT,1974,17.65505
Austria,AUT,1975,18.503149
Austria,AUT,1976,18.938335
Austria,AUT,1977,19.471764
Austria,AUT,1978,19.948812
Austria,AUT,1979,20.318121
Austria,AUT,1980,20.369226
Austria,AUT,1981,21.193405
Austria,AUT,1982,21.373768
Austria,AUT,1983,21.87994
Austria,AUT,1984,21.847567
Austria,AUT,1985,22.344339
Austria,AUT,1986,23.38624
Austria,AUT,1987,24.417728
Austria,AUT,1988,25.874746
Austria,AUT,1989,26.74239
Austria,AUT,1990,27.954485
Austria,AUT,1991,28.820869
Austria,AUT,1992,30.511366
Austria,AUT,1993,31.410557
Austria,AUT,1994,32.901096
Austria,AUT,1995,34.834599
Austria,AUT,1996,34.784927
Austria,AUT,1997,36.095364
Austria,AUT,1998,37.60099
Austria,AUT,1999,38.359661
Austria,AUT,2000,40.138851
Austria,AUT,2001,39.229034
Austria,AUT,2002,40.157379
Austria,AUT,2003,41.077126
Austria,AUT,2004,42.398453
Austria,AUT,2005,46.62809
Austria,AUT,2006,47.237778
Austria,AUT,2007,48.215248
Austria,AUT,2008,49.313515
Austria,AUT,2009,48.581207
Austria,AUT,2010,49.893505
Austria,AUT,2011,50.874996
Austria,AUT,2012,52.943409
Austria,AUT,2013,52.703903
Austria,AUT,2014,54.838917
Austria,AUT,2015,56.620911
Austria,AUT,2016,56.392387
Austria,AUT,2017,57.436661
Bangladesh,BGD,1970,1.8953897
Bangladesh,BGD,1971,1.8983259
Bangladesh,BGD,1972,1.8334224
Bangladesh,BGD,1973,1.5848912
Bangladesh,BGD,1974,1.6094662
Bangladesh,BGD,1975,1.5162408
Bangladesh,BGD,1976,1.6680732
Bangladesh,BGD,1977,1.7533752
Bangladesh,BGD,1978,1.766281
Bangladesh,BGD,1979,1.8315349
Bangladesh,BGD,1980,1.7852416
Bangladesh,BGD,1981,1.7565951
Bangladesh,BGD,1982,1.6860377
Bangladesh,BGD,1983,1.6515626
Bangladesh,BGD,1984,1.7403839
Bangladesh,BGD,1985,1.7978721
Bangladesh,BGD,1986,1.8405169
Bangladesh,BGD,1987,1.8032814
Bangladesh,BGD,1988,1.8451234
Bangladesh,BGD,1989,2.0238979
Bangladesh,BGD,1990,1.9992708
Bangladesh,BGD,1991,1.9661965
Bangladesh,BGD,1992,1.9744751
Bangladesh,BGD,1993,1.9771698
Bangladesh,BGD,1994,2.0216656
Bangladesh,BGD,1995,2.0671575
Bangladesh,BGD,1996,2.0779238
Bangladesh,BGD,1997,2.0096374
Bangladesh,BGD,1998,1.937279
Bangladesh,BGD,1999,1.8294529
Bangladesh,BGD,2000,1.84047
Bangladesh,BGD,2001,1.9230654
Bangladesh,BGD,2002,2.0537422
Bangladesh,BGD,2003,2.1522231
Bangladesh,BGD,2004,2.0759661
Bangladesh,BGD,2005,2.0427415
Bangladesh,BGD,2006,2.1174192
Bangladesh,BGD,2007,2.2973101
Bangladesh,BGD,2008,2.5062399
Bangladesh,BGD,2009,2.6503162
Bangladesh,BGD,2010,2.94453
Bangladesh,BGD,2011,3.2647588
Bangladesh,BGD,2012,3.162133
Bangladesh,BGD,2013,3.3607697
Bangladesh,BGD,2014,3.4916494
Bangladesh,BGD,2015,3.6578555
Bangladesh,BGD,2016,3.7545421
Bangladesh,BGD,2017,3.9739883
Barbados,BRB,1991,27.340712
Barbados,BRB,1992,29.273386
Barbados,BRB,1993,30.164011
Barbados,BRB,1994,28.45512
Barbados,BRB,1995,28.198967
Barbados,BRB,1996,30.013926
Barbados,BRB,1997,30.543013
Barbados,BRB,1998,27.105417
Barbados,BRB,1999,26.935707
Barbados,BRB,2000,25.979296
Barbados,BRB,2001,23.152149
Belgium,BEL,1950,8.6786203
Belgium,BEL,1951,9.0527563
Belgium,BEL,1952,9.2655239
Belgium,BEL,1953,9.5683317
Belgium,BEL,1954,10.024344
Belgium,BEL,1955,10.478901
Belgium,BEL,1956,10.809063
Belgium,BEL,1957,10.965244
Belgium,BEL,1958,10.985106
Belgium,BEL,1959,11.47072
Belgium,BEL,1960,11.852278
Belgium,BEL,1961,12.48473
Belgium,BEL,1962,13.036123
Belgium,BEL,1963,13.52477
Belgium,BEL,1964,14.355681
Belgium,BEL,1965,14.887735
Belgium,BEL,1966,15.335458
Belgium,BEL,1967,16.083799
Belgium,BEL,1968,16.881472
Belgium,BEL,1969,17.735731
Belgium,BEL,1970,18.879803
Belgium,BEL,1971,19.582233
Belgium,BEL,1972,21.121284
Belgium,BEL,1973,22.739283
Belgium,BEL,1974,23.857542
Belgium,BEL,1975,24.089537
Belgium,BEL,1976,25.782715
Belgium,BEL,1977,26.630163
Belgium,BEL,1978,27.906719
Belgium,BEL,1979,28.773849
Belgium,BEL,1980,31.193539
Belgium,BEL,1981,30.662487
Belgium,BEL,1982,30.300247
Belgium,BEL,1983,29.649204
Belgium,BEL,1984,29.181053
Belgium,BEL,1985,27.468054
Belgium,BEL,1986,29.570097
Belgium,BEL,1987,31.264128
Belgium,BEL,1988,33.354702
Belgium,BEL,1989,33.959206
Belgium,BEL,1990,34.837952
Belgium,BEL,1991,36.063713
Belgium,BEL,1992,37.993351
Belgium,BEL,1993,39.598164
Belgium,BEL,1994,40.748886
Belgium,BEL,1995,41.033962
Belgium,BEL,1996,41.592304
Belgium,BEL,1997,42.932175
Belgium,BEL,1998,42.208862
Belgium,BEL,1999,43.694687
Belgium,BEL,2000,45.309151
Belgium,BEL,2001,44.999535
Belgium,BEL,2002,46.538719
Belgium,BEL,2003,48.612476
Belgium,BEL,2004,49.49155
Belgium,BEL,2005,54.604336
Belgium,BEL,2006,52.271511
Belgium,BEL,2007,52.69931
Belgium,BEL,2008,56.75782
Belgium,BEL,2009,55.784901
Belgium,BEL,2010,60.096947
Belgium,BEL,2011,59.850201
Belgium,BEL,2012,60.874744
Belgium,BEL,2013,60.601669
Belgium,BEL,2014,60.029507
Belgium,BEL,2015,58.377346
Belgium,BEL,2016,58.206379
Belgium,BEL,2017,59.649548
Brazil,BRA,1950,2.0183465
Brazil,BRA,1951,2.0136688
Brazil,BRA,1952,2.1577322
Brazil,BRA,1953,2.1518674
Brazil,BRA,1954,2.2624547
Brazil,BRA,1955,2.3556316
Brazil,BRA,1956,2.3613508
Brazil,BRA,1957,2.4894896
Brazil,BRA,1958,2.5451198
Brazil,BRA,1959,2.5776834
Brazil,BRA,1960,2.7296708
Brazil,BRA,1961,3.0353971
Brazil,BRA,1962,3.1873901
Brazil,BRA,1963,3.3214586
Brazil,BRA,1964,3.3864095
Brazil,BRA,1965,3.5131247
Brazil,BRA,1966,3.5909734
Brazil,BRA,1967,3.7938762
Brazil,BRA,1968,4.0813117
Brazil,BRA,1969,4.0495768
Brazil,BRA,1970,4.4857993
Brazil,BRA,1971,4.8023939
Brazil,BRA,1972,5.1513901
Brazil,BRA,1973,5.2654266
Brazil,BRA,1974,5.6428123
Brazil,BRA,1975,5.7889414
Brazil,BRA,1976,6.1752005
Brazil,BRA,1977,5.8081079
Brazil,BRA,1978,5.904983
Brazil,BRA,1979,6.4813375
Brazil,BRA,1980,6.6202435
Brazil,BRA,1981,6.6234407
Brazil,BRA,1982,6.4661374
Brazil,BRA,1983,6.3414092
Brazil,BRA,1984,6.3196597
Brazil,BRA,1985,6.2176189
Brazil,BRA,1986,6.9551373
Brazil,BRA,1987,6.9812369
Brazil,BRA,1988,6.8414459
Brazil,BRA,1989,6.8902206
Brazil,BRA,1990,6.5807037
Brazil,BRA,1991,7.2070551
Brazil,BRA,1992,7.4406695
Brazil,BRA,1993,7.9495263
Brazil,BRA,1994,8.8503571
Brazil,BRA,1995,10.196321
Brazil,BRA,1996,12.525192
Brazil,BRA,1997,11.974554
Brazil,BRA,1998,11.557292
Brazil,BRA,1999,10.752215
Brazil,BRA,2000,10.44435
Brazil,BRA,2001,10.375819
Brazil,BRA,2002,10.113252
Brazil,BRA,2003,9.9569731
Brazil,BRA,2004,10.033028
Brazil,BRA,2005,10.218953
Brazil,BRA,2006,10.876312
Brazil,BRA,2007,11.895355
Brazil,BRA,2008,13.056262
Brazil,BRA,2009,13.475542
Brazil,BRA,2010,15.366799
Brazil,BRA,2011,16.950859
Brazil,BRA,2012,16.957285
Brazil,BRA,2013,17.148949
Brazil,BRA,2014,16.800144
Brazil,BRA,2015,16.322033
Brazil,BRA,2016,16.182266
Brazil,BRA,2017,16.340326
Bulgaria,BGR,1995,10.877464
Bulgaria,BGR,1996,9.5132685
Bulgaria,BGR,1997,8.4673223
Bulgaria,BGR,1998,9.374527
Bulgaria,BGR,1999,11.513647
Bulgaria,BGR,2000,13.112293
Bulgaria,BGR,2001,13.425004
Bulgaria,BGR,2002,13.879546
Bulgaria,BGR,2003,13.96178
Bulgaria,BGR,2004,14.023319
Bulgaria,BGR,2005,15.207089
Bulgaria,BGR,2006,15.638757
Bulgaria,BGR,2007,16.475576
Bulgaria,BGR,2008,16.860069
Bulgaria,BGR,2009,17.045033
Bulgaria,BGR,2010,18.586483
Bulgaria,BGR,2011,19.28912
Bulgaria,BGR,2012,20.312969
Bulgaria,BGR,2013,19.902174
Bulgaria,BGR,2014,20.592684
Bulgaria,BGR,2015,21.212688
Bulgaria,BGR,2016,22.20866
Bulgaria,BGR,2017,23.260147
Cambodia,KHM,1993,1.2866514
Cambodia,KHM,1994,1.4233295
Cambodia,KHM,1995,1.484109
Cambodia,KHM,1996,1.3500617
Cambodia,KHM,1997,1.3137631
Cambodia,KHM,1998,1.1839105
Cambodia,KHM,1999,1.2092823
Cambodia,KHM,2000,1.2382288
Cambodia,KHM,2001,1.2456648
Cambodia,KHM,2002,1.2573605
Cambodia,KHM,2003,1.3115678
Cambodia,KHM,2004,1.3320304
Cambodia,KHM,2005,1.4915071
Cambodia,KHM,2006,1.5330265
Cambodia,KHM,2007,1.6654518
Cambodia,KHM,2008,1.7986577
Cambodia,KHM,2009,1.6651466
Cambodia,KHM,2010,1.7318
Cambodia,KHM,2011,1.8397888
Cambodia,KHM,2012,1.9416935
Cambodia,KHM,2013,2.1547282
Cambodia,KHM,2014,2.1629019
Cambodia,KHM,2015,2.2603822
Cambodia,KHM,2016,2.1720238
Cambodia,KHM,2017,2.2441418
Canada,CAN,1950,11.386551
Canada,CAN,1951,11.552659
Canada,CAN,1952,12.519122
Canada,CAN,1953,13.046285
Canada,CAN,1954,13.125496
Canada,CAN,1955,14.242355
Canada,CAN,1956,14.883037
Canada,CAN,1957,15.204967
Canada,CAN,1958,16.148638
Canada,CAN,1959,16.542667
Canada,CAN,1960,17.304464
Canada,CAN,1961,18.185509
Canada,CAN,1962,18.899683
Canada,CAN,1963,19.613056
Canada,CAN,1964,20.408737
Canada,CAN,1965,20.987938
Canada,CAN,1966,21.936708
Canada,CAN,1967,22.262802
Canada,CAN,1968,23.725767
Canada,CAN,1969,24.448112
Canada,CAN,1970,25.394405
Canada,CAN,1971,26.407663
Canada,CAN,1972,26.97714
Canada,CAN,1973,27.587763
Canada,CAN,1974,27.074583
Canada,CAN,1975,27.411066
Canada,CAN,1976,28.787043
Canada,CAN,1977,29.621363
Canada,CAN,1978,29.926588
Canada,CAN,1979,29.727093
Canada,CAN,1980,29.696297
Canada,CAN,1981,30.136196
Canada,CAN,1982,30.818825
Canada,CAN,1983,31.821457
Canada,CAN,1984,33.058121
Canada,CAN,1985,32.577175
Canada,CAN,1986,32.126659
Canada,CAN,1987,33.229385
Canada,CAN,1988,33.719601
Canada,CAN,1989,34.402771
Canada,CAN,1990,34.59663
Canada,CAN,1991,34.677727
Canada,CAN,1992,35.412407
Canada,CAN,1993,36.012608
Canada,CAN,1994,36.842808
Canada,CAN,1995,38.139107
Canada,CAN,1996,38.40099
Canada,CAN,1997,39.299183
Canada,CAN,1998,39.019329
Canada,CAN,1999,40.714176
Canada,CAN,2000,42.451405
Canada,CAN,2001,41.892647
Canada,CAN,2002,41.606812
Canada,CAN,2003,42.973328
Canada,CAN,2004,43.813068
Canada,CAN,2005,46.731682
Canada,CAN,2006,46.314728
Canada,CAN,2007,46.369289
Canada,CAN,2008,47.759228
Canada,CAN,2009,44.566868
Canada,CAN,2010,46.686527
Canada,CAN,2011,48.667168
Canada,CAN,2012,48.724464
Canada,CAN,2013,49.829941
Canada,CAN,2014,52.130924
Canada,CAN,2015,48.761402
Canada,CAN,2016,48.724659
Canada,CAN,2017,49.533581
Chile,CHL,1951,4.694901
Chile,CHL,1952,5.0741653
Chile,CHL,1953,5.1893678
Chile,CHL,1954,5.530427
Chile,CHL,1955,5.3936324
Chile,CHL,1956,5.2944708
Chile,CHL,1957,5.8242068
Chile,CHL,1958,6.0369315
Chile,CHL,1959,5.965313
Chile,CHL,1960,6.3290901
Chile,CHL,1961,6.0475316
Chile,CHL,1962,7.467288
Chile,CHL,1963,7.6551547
Chile,CHL,1964,7.8254557
Chile,CHL,1965,7.4524455
Chile,CHL,1966,8.2457352
Chile,CHL,1967,8.6067953
Chile,CHL,1968,8.7019596
Chile,CHL,1969,9.1971159
Chile,CHL,1970,9.2148323
Chile,CHL,1971,10.054305
Chile,CHL,1972,9.6876345
Chile,CHL,1973,9.3433104
Chile,CHL,1974,9.1872559
Chile,CHL,1975,8.0968466
Chile,CHL,1976,8.3391199
Chile,CHL,1977,8.7233276
Chile,CHL,1978,9.3342371
Chile,CHL,1979,9.9277401
Chile,CHL,1980,9.9901609
Chile,CHL,1981,10.293
Chile,CHL,1982,9.634675
Chile,CHL,1983,8.7419806
Chile,CHL,1984,8.6513767
Chile,CHL,1985,8.1381254
Chile,CHL,1986,8.0961027
Chile,CHL,1987,8.3799934
Chile,CHL,1988,8.6596832
Chile,CHL,1989,8.9777613
Chile,CHL,1990,8.9945631
Chile,CHL,1991,9.5753498
Chile,CHL,1992,10.26972
Chile,CHL,1993,10.486057
Chile,CHL,1994,11.490346
Chile,CHL,1995,13.203197
Chile,CHL,1996,13.773369
Chile,CHL,1997,14.096206
Chile,CHL,1998,13.398358
Chile,CHL,1999,13.095334
Chile,CHL,2000,13.44909
Chile,CHL,2001,13.356107
Chile,CHL,2002,13.163943
Chile,CHL,2003,13.319978
Chile,CHL,2004,14.5016
Chile,CHL,2005,16.219107
Chile,CHL,2006,18.554628
Chile,CHL,2007,19.937067
Chile,CHL,2008,19.130981
Chile,CHL,2009,19.867517
Chile,CHL,2010,21.550421
Chile,CHL,2011,23.058468
Chile,CHL,2012,24.894268
Chile,CHL,2013,24.442171
Chile,CHL,2014,25.616693
Chile,CHL,2015,25.208193
Chile,CHL,2016,25.770044
Chile,CHL,2017,25.596708
China,CHN,1970,1.6174201
China,CHN,1971,1.6632441
China,CHN,1972,1.6360638
China,CHN,1973,1.7166897
China,CHN,1974,1.7275367
China,CHN,1975,1.7514949
China,CHN,1976,1.6652614
China,CHN,1977,1.6975615
China,CHN,1978,1.865437
China,CHN,1979,1.9107265
China,CHN,1980,1.9097193
China,CHN,1981,1.8351896
China,CHN,1982,1.8814691
China,CHN,1983,1.9721537
China,CHN,1984,2.1565759
China,CHN,1985,2.3281271
China,CHN,1986,2.3524551
China,CHN,1987,2.409761
China,CHN,1988,2.4513965
China,CHN,1989,2.3255014
China,CHN,1990,2.2291055
China,CHN,1991,2.2962003
China,CHN,1992,2.4765303
China,CHN,1993,2.750895
China,CHN,1994,2.8289464
China,CHN,1995,2.9610353
China,CHN,1996,3.1225436
China,CHN,1997,3.0936859
China,CHN,1998,3.0778956
China,CHN,1999,3.2446113
China,CHN,2000,3.4473243
China,CHN,2001,3.6770813
China,CHN,2002,3.9378955
China,CHN,2003,4.106883
China,CHN,2004,4.3889828
China,CHN,2005,4.8437572
China,CHN,2006,5.2627792
China,CHN,2007,5.7209096
China,CHN,2008,6.1198874
China,CHN,2009,6.6282911
China,CHN,2010,7.5316753
China,CHN,2011,8.2591143
China,CHN,2012,8.558217
China,CHN,2013,9.01577
China,CHN,2014,9.5472193
China,CHN,2015,9.7453976
China,CHN,2016,10.073822
China,CHN,2017,10.679488
Colombia,COL,1950,4.2666082
Colombia,COL,1951,4.2727146
Colombia,COL,1952,4.4953623
Colombia,COL,1953,4.8134828
Colombia,COL,1954,5.1989989
Colombia,COL,1955,5.3169446
Colombia,COL,1956,5.3496852
Colombia,COL,1957,5.2500877
Colombia,COL,1958,5.1556659
Colombia,COL,1959,5.3723812
Colombia,COL,1960,5.5958824
Colombia,COL,1961,5.813529
Colombia,COL,1962,5.94489
Colombia,COL,1963,5.9775853
Colombia,COL,1964,6.3284445
Colombia,COL,1965,6.1964245
Colombia,COL,1966,6.336864
Colombia,COL,1967,6.368701
Colombia,COL,1968,6.5705194
Colombia,COL,1969,6.7918525
Colombia,COL,1970,7.0923982
Colombia,COL,1971,7.6380906
Colombia,COL,1972,8.1717615
Colombia,COL,1973,8.8172808
Colombia,COL,1974,9.2833366
Colombia,COL,1975,9.3414326
Colombia,COL,1976,9.6803379
Colombia,COL,1977,9.7138901
Colombia,COL,1978,10.148959
Colombia,COL,1979,10.22547
Colombia,COL,1980,10.526426
Colombia,COL,1981,10.16589
Colombia,COL,1982,10.074827
Colombia,COL,1983,10.057531
Colombia,COL,1984,10.212815
Colombia,COL,1985,9.9929991
Colombia,COL,1986,10.306991
Colombia,COL,1987,9.9441347
Colombia,COL,1988,9.9516754
Colombia,COL,1989,9.7504997
Colombia,COL,1990,9.8660517
Colombia,COL,1991,9.3109961
Colombia,COL,1992,9.6486254
Colombia,COL,1993,9.6739311
Colombia,COL,1994,9.7739553
Colombia,COL,1995,9.7689028
Colombia,COL,1996,9.7317944
Colombia,COL,1997,9.7464161
Colombia,COL,1998,9.5423279
Colombia,COL,1999,9.1415796
Colombia,COL,2000,8.8443108
Colombia,COL,2001,8.7642984
Colombia,COL,2002,8.4560556
Colombia,COL,2003,8.4356642
Colombia,COL,2004,8.8744545
Colombia,COL,2005,9.2080898
Colombia,COL,2006,10.099349
Colombia,COL,2007,10.881798
Colombia,COL,2008,11.519242
Colombia,COL,2009,11.278932
Colombia,COL,2010,11.932921
Colombia,COL,2011,12.829151
Colombia,COL,2012,13.124943
Colombia,COL,2013,13.498081
Colombia,COL,2014,13.722745
Colombia,COL,2015,13.252648
Colombia,COL,2016,13.394485
Colombia,COL,2017,13.624675
Costa Rica,CRI,1987,9.2562494
Costa Rica,CRI,1988,9.2234621
Costa Rica,CRI,1989,9.5416765
Costa Rica,CRI,1990,9.4334297
Costa Rica,CRI,1991,9.9479771
Costa Rica,CRI,1992,10.167526
Costa Rica,CRI,1993,10.367367
Costa Rica,CRI,1994,10.312392
Costa Rica,CRI,1995,10.538902
Costa Rica,CRI,1996,10.275871
Costa Rica,CRI,1997,10.051365
Costa Rica,CRI,1998,10.445995
Costa Rica,CRI,1999,10.377147
Costa Rica,CRI,2000,10.625444
Costa Rica,CRI,2001,10.646488
Costa Rica,CRI,2002,10.424993
Costa Rica,CRI,2003,10.466956
Costa Rica,CRI,2004,10.752545
Costa Rica,CRI,2005,10.92256
Costa Rica,CRI,2006,10.783611
Costa Rica,CRI,2007,10.704572
Costa Rica,CRI,2008,11.164248
Costa Rica,CRI,2009,12.272579
Costa Rica,CRI,2010,13.246943
Costa Rica,CRI,2011,14.130107
Costa Rica,CRI,2012,13.661233
Costa Rica,CRI,2013,14.106655
Costa Rica,CRI,2014,14.991574
Costa Rica,CRI,2015,15.579279
Costa Rica,CRI,2016,16.333437
Costa Rica,CRI,2017,16.573801
Croatia,HRV,1995,13.559002
Croatia,HRV,1996,14.035974
Croatia,HRV,1997,15.232103
Croatia,HRV,1998,15.676184
Croatia,HRV,1999,16.039589
Croatia,HRV,2000,17.42449
Croatia,HRV,2001,18.496187
Croatia,HRV,2002,19.873205
Croatia,HRV,2003,20.643511
Croatia,HRV,2004,21.032591
Croatia,HRV,2005,22.697006
Croatia,HRV,2006,24.102514
Croatia,HRV,2007,25.252413
Croatia,HRV,2008,26.355976
Croatia,HRV,2009,25.276468
Croatia,HRV,2010,25.818447
Croatia,HRV,2011,27.837435
Croatia,HRV,2012,29.592051
Croatia,HRV,2013,29.508682
Croatia,HRV,2014,28.892735
Croatia,HRV,2015,31.06296
Croatia,HRV,2016,32.297134
Croatia,HRV,2017,34.250996
Cyprus,CYP,1995,28.911995
Cyprus,CYP,1996,28.540253
Cyprus,CYP,1997,29.082697
Cyprus,CYP,1998,28.244287
Cyprus,CYP,1999,29.758604
Cyprus,CYP,2000,33.709671
Cyprus,CYP,2001,33.361568
Cyprus,CYP,2002,32.24649
Cyprus,CYP,2003,29.114841
Cyprus,CYP,2004,29.314964
Cyprus,CYP,2005,33.618988
Cyprus,CYP,2006,34.532082
Cyprus,CYP,2007,34.332047
Cyprus,CYP,2008,35.067692
Cyprus,CYP,2009,35.625862
Cyprus,CYP,2010,36.305305
Cyprus,CYP,2011,36.736736
Cyprus,CYP,2012,38.530453
Cyprus,CYP,2013,38.824921
Cyprus,CYP,2014,37.900982
Cyprus,CYP,2015,41.085045
Cyprus,CYP,2016,41.546505
Cyprus,CYP,2017,42.187675
Czechia,CZE,1993,19.616669
Czechia,CZE,1994,20.674168
Czechia,CZE,1995,21.223576
Czechia,CZE,1996,22.120539
Czechia,CZE,1997,21.409224
Czechia,CZE,1998,20.760693
Czechia,CZE,1999,20.959059
Czechia,CZE,2000,21.76993
Czechia,CZE,2001,23.743925
Czechia,CZE,2002,23.186016
Czechia,CZE,2003,24.556274
Czechia,CZE,2004,25.123377
Czechia,CZE,2005,26.817575
Czechia,CZE,2006,27.30644
Czechia,CZE,2007,29.348255
Czechia,CZE,2008,30.203522
Czechia,CZE,2009,29.710907
Czechia,CZE,2010,30.004965
Czechia,CZE,2011,30.976297
Czechia,CZE,2012,31.208853
Czechia,CZE,2013,31.387775
Czechia,CZE,2014,32.350433
Czechia,CZE,2015,33.047848
Czechia,CZE,2016,32.989727
Czechia,CZE,2017,34.756939
Denmark,DNK,1950,9.8447495
Denmark,DNK,1951,9.629014
Denmark,DNK,1952,9.9935141
Denmark,DNK,1953,10.489171
Denmark,DNK,1954,10.818468
Denmark,DNK,1955,10.871261
Denmark,DNK,1956,11.251428
Denmark,DNK,1957,11.893666
Denmark,DNK,1958,12.150289
Denmark,DNK,1959,13.02837
Denmark,DNK,1960,13.691865
Denmark,DNK,1961,14.259573
Denmark,DNK,1962,14.629579
Denmark,DNK,1963,14.584793
Denmark,DNK,1964,15.381495
Denmark,DNK,1965,15.674331
Denmark,DNK,1966,15.711294
Denmark,DNK,1967,16.802721
Denmark,DNK,1968,18.042282
Denmark,DNK,1969,19.268829
Denmark,DNK,1970,19.525497
Denmark,DNK,1971,20.4807
Denmark,DNK,1972,21.631342
Denmark,DNK,1973,22.771713
Denmark,DNK,1974,22.808006
Denmark,DNK,1975,23.639959
Denmark,DNK,1976,24.435106
Denmark,DNK,1977,25.494823
Denmark,DNK,1978,26.368177
Denmark,DNK,1979,27.323477
Denmark,DNK,1980,27.34944
Denmark,DNK,1981,27.289099
Denmark,DNK,1982,27.499319
Denmark,DNK,1983,27.861311
Denmark,DNK,1984,28.173611
Denmark,DNK,1985,28.23629
Denmark,DNK,1986,29.592407
Denmark,DNK,1987,30.867737
Denmark,DNK,1988,31.459677
Denmark,DNK,1989,32.087204
Denmark,DNK,1990,33.41666
Denmark,DNK,1991,33.935421
Denmark,DNK,1992,35.197792
Denmark,DNK,1993,35.57349
Denmark,DNK,1994,37.533596
Denmark,DNK,1995,38.273102
Denmark,DNK,1996,39.553009
Denmark,DNK,1997,40.617161
Denmark,DNK,1998,40.86953
Denmark,DNK,1999,42.014477
Denmark,DNK,2000,43.913395
Denmark,DNK,2001,43.389111
Denmark,DNK,2002,43.400513
Denmark,DNK,2003,44.814697
Denmark,DNK,2004,47.406631
Denmark,DNK,2005,51.236633
Denmark,DNK,2006,51.922703
Denmark,DNK,2007,52.967224
Denmark,DNK,2008,55.808689
Denmark,DNK,2009,55.829517
Denmark,DNK,2010,60.743645
Denmark,DNK,2011,62.033966
Denmark,DNK,2012,61.97694
Denmark,DNK,2013,61.509865
Denmark,DNK,2014,61.475842
Denmark,DNK,2015,60.947285
Denmark,DNK,2016,61.562832
Denmark,DNK,2017,64.705177
Ecuador,ECU,1995,6.8731852
Ecuador,ECU,1996,6.9549665
Ecuador,ECU,1997,6.9423661
Ecuador,ECU,1998,6.9087791
Ecuador,ECU,1999,6.8470683
Ecuador,ECU,2000,6.8587437
Ecuador,ECU,2001,6.6881042
Ecuador,ECU,2002,7.7099442
Ecuador,ECU,2003,7.979218
Ecuador,ECU,2004,8.4509296
Ecuador,ECU,2005,9.4252129
Ecuador,ECU,2006,10.052174
Ecuador,ECU,2007,10.570633
Ecuador,ECU,2008,11.239181
Ecuador,ECU,2009,11.050797
Ecuador,ECU,2010,12.024403
Ecuador,ECU,2011,13.277621
Ecuador,ECU,2012,13.616939
Ecuador,ECU,2013,14.084748
Ecuador,ECU,2014,14.471516
Ecuador,ECU,2015,13.159917
Ecuador,ECU,2016,12.277091
Ecuador,ECU,2017,12.181006
Estonia,EST,1995,10.437742
Estonia,EST,1996,11.472614
Estonia,EST,1997,11.485224
Estonia,EST,1998,11.552489
Estonia,EST,1999,11.937469
Estonia,EST,2000,13.12498
Estonia,EST,2001,13.763774
Estonia,EST,2002,14.550543
Estonia,EST,2003,15.214787
Estonia,EST,2004,15.888641
Estonia,EST,2005,18.600779
Estonia,EST,2006,19.281914
Estonia,EST,2007,21.388815
Estonia,EST,2008,22.192236
Estonia,EST,2009,23.795826
Estonia,EST,2010,25.662985
Estonia,EST,2011,26.16188
Estonia,EST,2012,27.522696
Estonia,EST,2013,27.973196
Estonia,EST,2014,27.948025
Estonia,EST,2015,26.73451
Estonia,EST,2016,27.188126
Estonia,EST,2017,28.027826
Finland,FIN,1950,5.6193862
Finland,FIN,1951,6.2699661
Finland,FIN,1952,6.3605037
Finland,FIN,1953,6.2312756
Finland,FIN,1954,6.8679724
Finland,FIN,1955,7.3651781
Finland,FIN,1956,7.4310479
Finland,FIN,1957,7.3708639
Finland,FIN,1958,7.2656007
Finland,FIN,1959,8.0920639
Finland,FIN,1960,8.6761541
Finland,FIN,1961,9.3721313
Finland,FIN,1962,9.6237783
Finland,FIN,1963,9.6841555
Finland,FIN,1964,9.8750172
Finland,FIN,1965,10.390108
Finland,FIN,1966,10.813341
Finland,FIN,1967,11.428539
Finland,FIN,1968,12.304156
Finland,FIN,1969,13.469744
Finland,FIN,1970,14.346644
Finland,FIN,1971,14.947979
Finland,FIN,1972,15.940395
Finland,FIN,1973,16.891106
Finland,FIN,1974,17.569725
Finland,FIN,1975,17.249331
Finland,FIN,1976,18.186285
Finland,FIN,1977,18.830261
Finland,FIN,1978,19.828905
Finland,FIN,1979,20.13595
Finland,FIN,1980,20.850632
Finland,FIN,1981,21.287642
Finland,FIN,1982,21.32478
Finland,FIN,1983,21.726149
Finland,FIN,1984,21.967854
Finland,FIN,1985,22.118837
Finland,FIN,1986,23.921709
Finland,FIN,1987,24.846409
Finland,FIN,1988,26.173006
Finland,FIN,1989,26.841505
Finland,FIN,1990,27.880587
Finland,FIN,1991,28.12361
Finland,FIN,1992,28.838795
Finland,FIN,1993,30.361605
Finland,FIN,1994,31.614178
Finland,FIN,1995,35.098942
Finland,FIN,1996,34.569042
Finland,FIN,1997,36.622929
Finland,FIN,1998,39.128036
Finland,FIN,1999,40.052338
Finland,FIN,2000,41.304012
Finland,FIN,2001,41.449142
Finland,FIN,2002,40.986115
Finland,FIN,2003,41.910137
Finland,FIN,2004,43.552368
Finland,FIN,2005,46.083672
Finland,FIN,2006,46.334465
Finland,FIN,2007,49.339184
Finland,FIN,2008,50.344357
Finland,FIN,2009,48.018772
Finland,FIN,2010,49.710518
Finland,FIN,2011,50.432434
Finland,FIN,2012,50.055206
Finland,FIN,2013,48.873863
Finland,FIN,2014,49.116013
Finland,FIN,2015,50.37709
Finland,FIN,2016,51.384846
Finland,FIN,2017,52.561089
France,FRA,1950,6.8013196
France,FRA,1951,7.0541196
France,FRA,1952,7.270051
France,FRA,1953,7.6464977
France,FRA,1954,8.0162497
France,FRA,1955,8.4454956
France,FRA,1956,8.9616661
France,FRA,1957,9.4992647
France,FRA,1958,9.8766336
France,FRA,1959,10.18633
France,FRA,1960,10.96286
France,FRA,1961,11.612323
France,FRA,1962,12.327759
France,FRA,1963,13.104335
France,FRA,1964,13.770318
France,FRA,1965,14.445487
France,FRA,1966,15.157369
France,FRA,1967,16.111916
France,FRA,1968,17.025105
France,FRA,1969,18.613039
France,FRA,1970,19.646244
France,FRA,1971,20.73744
France,FRA,1972,22.258755
France,FRA,1973,23.693264
France,FRA,1974,24.945959
France,FRA,1975,25.281353
France,FRA,1976,25.897589
France,FRA,1977,27.281403
France,FRA,1978,28.870447
France,FRA,1979,29.973269
France,FRA,1980,30.632158
France,FRA,1981,30.384779
France,FRA,1982,31.554348
France,FRA,1983,31.403904
France,FRA,1984,31.343943
France,FRA,1985,31.509838
France,FRA,1986,33.122116
France,FRA,1987,33.495731
France,FRA,1988,34.632015
France,FRA,1989,35.764862
France,FRA,1990,36.695759
France,FRA,1991,36.900764
France,FRA,1992,37.824879
France,FRA,1993,38.277187
France,FRA,1994,38.882839
France,FRA,1995,39.836193
France,FRA,1996,40.52491
France,FRA,1997,42.497635
France,FRA,1998,44.295265
France,FRA,1999,45.468002
France,FRA,2000,47.608971
France,FRA,2001,48.895962
France,FRA,2002,50.078735
France,FRA,2003,48.784325
France,FRA,2004,48.998341
France,FRA,2005,52.823704
France,FRA,2006,54.199505
France,FRA,2007,55.211666
France,FRA,2008,55.132225
France,FRA,2009,54.625366
France,FRA,2010,56.513912
France,FRA,2011,57.706932
France,FRA,2012,57.548756
France,FRA,2013,59.160408
France,FRA,2014,59.467934
France,FRA,2015,60.860722
France,FRA,2016,61.625038
France,FRA,2017,62.785526
Germany,DEU,1950,4.2701316
Germany,DEU,1951,4.689198
Germany,DEU,1952,5.0812659
Germany,DEU,1953,5.4334683
Germany,DEU,1954,5.7973208
Germany,DEU,1955,6.480773
Germany,DEU,1956,6.9105692
Germany,DEU,1957,7.2417564
Germany,DEU,1958,7.5023503
Germany,DEU,1959,8.150012
Germany,DEU,1960,8.9240942
Germany,DEU,1961,9.3035431
Germany,DEU,1962,9.7840462
Germany,DEU,1963,10.136098
Germany,DEU,1964,10.827908
Germany,DEU,1965,11.409735
Germany,DEU,1966,11.897876
Germany,DEU,1967,12.249604
Germany,DEU,1968,13.008465
Germany,DEU,1969,13.996504
Germany,DEU,1970,14.716007
Germany,DEU,1971,15.428338
Germany,DEU,1972,16.364073
Germany,DEU,1973,17.429588
Germany,DEU,1974,18.148336
Germany,DEU,1975,18.812185
Germany,DEU,1976,19.664421
Germany,DEU,1977,20.54294
Germany,DEU,1978,21.313478
Germany,DEU,1979,22.182579
Germany,DEU,1980,22.54389
Germany,DEU,1981,22.378866
Germany,DEU,1982,22.186031
Germany,DEU,1983,22.533554
Germany,DEU,1984,22.777945
Germany,DEU,1985,22.910469
Germany,DEU,1986,24.73081
Germany,DEU,1987,25.958847
Germany,DEU,1988,27.272127
Germany,DEU,1989,28.696114
Germany,DEU,1990,31.568253
Germany,DEU,1991,34.752674
Germany,DEU,1992,36.276794
Germany,DEU,1993,37.758373
Germany,DEU,1994,39.318115
Germany,DEU,1995,40.886547
Germany,DEU,1996,41.956078
Germany,DEU,1997,43.722958
Germany,DEU,1998,44.830975
Germany,DEU,1999,46.446682
Germany,DEU,2000,47.245243
Germany,DEU,2001,48.402744
Germany,DEU,2002,48.946472
Germany,DEU,2003,50.749966
Germany,DEU,2004,52.033943
Germany,DEU,2005,55.15741
Germany,DEU,2006,55.355732
Germany,DEU,2007,57.627258
Germany,DEU,2008,58.517673
Germany,DEU,2009,56.404095
Germany,DEU,2010,58.186855
Germany,DEU,2011,60.345444
Germany,DEU,2012,60.103127
Germany,DEU,2013,61.477345
Germany,DEU,2014,63.050556
Germany,DEU,2015,62.594673
Germany,DEU,2016,64.647247
Germany,DEU,2017,66.710243
Greece,GRC,1951,3.8646245
Greece,GRC,1952,3.6316969
Greece,GRC,1953,3.9856696
Greece,GRC,1954,3.8982344
Greece,GRC,1955,4.0170746
Greece,GRC,1956,4.2144418
Greece,GRC,1957,4.5397196
Greece,GRC,1958,4.7537484
Greece,GRC,1959,4.9538355
Greece,GRC,1960,5.0523572
Greece,GRC,1961,5.7651033
Greece,GRC,1962,5.7451344
Greece,GRC,1963,6.6238961
Greece,GRC,1964,7.2308264
Greece,GRC,1965,8.1162462
Greece,GRC,1966,8.8652363
Greece,GRC,1967,9.4665995
Greece,GRC,1968,10.267565
Greece,GRC,1969,11.539411
Greece,GRC,1970,12.873272
Greece,GRC,1971,13.824435
Greece,GRC,1972,15.139989
Greece,GRC,1973,16.049355
Greece,GRC,1974,14.907479
Greece,GRC,1975,15.714827
Greece,GRC,1976,16.539822
Greece,GRC,1977,16.701761
Greece,GRC,1978,17.770731
Greece,GRC,1979,17.895142
Greece,GRC,1980,17.936003
Greece,GRC,1981,17.048676
Greece,GRC,1982,16.654364
Greece,GRC,1983,16.354397
Greece,GRC,1984,16.77224
Greece,GRC,1985,16.971737
Greece,GRC,1986,17.596601
Greece,GRC,1987,17.37145
Greece,GRC,1988,18.249548
Greece,GRC,1989,19.071854
Greece,GRC,1990,19.064899
Greece,GRC,1991,20.743582
Greece,GRC,1992,20.70425
Greece,GRC,1993,20.898998
Greece,GRC,1994,21.486057
Greece,GRC,1995,21.962475
Greece,GRC,1996,22.727127
Greece,GRC,1997,24.865538
Greece,GRC,1998,25.197258
Greece,GRC,1999,25.727411
Greece,GRC,2000,26.897448
Greece,GRC,2001,27.937273
Greece,GRC,2002,28.492847
Greece,GRC,2003,28.288849
Greece,GRC,2004,29.032797
Greece,GRC,2005,28.650883
Greece,GRC,2006,30.480707
Greece,GRC,2007,30.256641
Greece,GRC,2008,30.80826
Greece,GRC,2009,30.409355
Greece,GRC,2010,30.012945
Greece,GRC,2011,28.866495
Greece,GRC,2012,29.019201
Greece,GRC,2013,30.108801
Greece,GRC,2014,30.253761
Greece,GRC,2015,30.193913
Greece,GRC,2016,29.757895
Greece,GRC,2017,30.181442
Hong Kong,HKG,1960,4.7332344
Hong Kong,HKG,1961,4.8399835
Hong Kong,HKG,1962,5.1392317
Hong Kong,HKG,1963,5.6095858
Hong Kong,HKG,1964,5.9592857
Hong Kong,HKG,1965,6.5908237
Hong Kong,HKG,1966,6.8016443
Hong Kong,HKG,1967,6.820941
Hong Kong,HKG,1968,7.0080466
Hong Kong,HKG,1969,7.6221442
Hong Kong,HKG,1970,8.1196938
Hong Kong,HKG,1971,8.3956556
Hong Kong,HKG,1972,8.9430513
Hong Kong,HKG,1973,9.6343908
Hong Kong,HKG,1974,9.3708038
Hong Kong,HKG,1975,9.125103
Hong Kong,HKG,1976,10.236541
Hong Kong,HKG,1977,11.093947
Hong Kong,HKG,1978,11.79705
Hong Kong,HKG,1979,12.613194
Hong Kong,HKG,1980,13.005639
Hong Kong,HKG,1981,13.015513
Hong Kong,HKG,1982,13.405648
Hong Kong,HKG,1983,14.164781
Hong Kong,HKG,1984,15.085391
Hong Kong,HKG,1985,14.58288
Hong Kong,HKG,1986,16.133471
Hong Kong,HKG,1987,18.67944
Hong Kong,HKG,1988,18.706991
Hong Kong,HKG,1989,20.568092
Hong Kong,HKG,1990,23.038931
Hong Kong,HKG,1991,23.78685
Hong Kong,HKG,1992,27.033794
Hong Kong,HKG,1993,27.880383
Hong Kong,HKG,1994,28.364826
Hong Kong,HKG,1995,29.591511
Hong Kong,HKG,1996,29.425987
Hong Kong,HKG,1997,29.737524
Hong Kong,HKG,1998,27.942493
Hong Kong,HKG,1999,27.994303
Hong Kong,HKG,2000,30.058165
Hong Kong,HKG,2001,31.537134
Hong Kong,HKG,2002,33.090439
Hong Kong,HKG,2003,34.582882
Hong Kong,HKG,2004,38.466343
Hong Kong,HKG,2005,40.171658
Hong Kong,HKG,2006,36.785652
Hong Kong,HKG,2007,37.745018
Hong Kong,HKG,2008,37.166389
Hong Kong,HKG,2009,33.858013
Hong Kong,HKG,2010,36.10664
Hong Kong,HKG,2011,38.807663
Hong Kong,HKG,2012,39.321583
Hong Kong,HKG,2013,44.501854
Hong Kong,HKG,2014,39.781631
Hong Kong,HKG,2015,34.621464
Hong Kong,HKG,2016,34.636333
Hong Kong,HKG,2017,35.351849
Hungary,HUN,1980,9.7121964
Hungary,HUN,1981,9.4563618
Hungary,HUN,1982,10.026383
Hungary,HUN,1983,10.094638
Hungary,HUN,1984,10.624884
Hungary,HUN,1985,10.798676
Hungary,HUN,1986,11.439337
Hungary,HUN,1987,12.005531
Hungary,HUN,1988,12.044242
Hungary,HUN,1989,12.571572
Hungary,HUN,1990,12.987509
Hungary,HUN,1991,12.662463
Hungary,HUN,1992,14.155581
Hungary,HUN,1993,16.076666
Hungary,HUN,1994,16.064665
Hungary,HUN,1995,16.317806
Hungary,HUN,1996,16.782038
Hungary,HUN,1997,16.438791
Hungary,HUN,1998,16.304708
Hungary,HUN,1999,15.998364
Hungary,HUN,2000,17.022154
Hungary,HUN,2001,18.391636
Hungary,HUN,2002,19.270603
Hungary,HUN,2003,20.185104
Hungary,HUN,2004,20.083101
Hungary,HUN,2005,22.315027
Hungary,HUN,2006,22.206665
Hungary,HUN,2007,22.420172
Hungary,HUN,2008,24.733334
Hungary,HUN,2009,24.743017
Hungary,HUN,2010,26.36804
Hungary,HUN,2011,27.50511
Hungary,HUN,2012,27.32699
Hungary,HUN,2013,27.302567
Hungary,HUN,2014,26.201807
Hungary,HUN,2015,25.77124
Hungary,HUN,2016,24.49296
Hungary,HUN,2017,25.323359
Iceland,ISL,1964,15.305504
Iceland,ISL,1965,16.171722
Iceland,ISL,1966,16.966124
Iceland,ISL,1967,16.718006
Iceland,ISL,1968,15.663001
Iceland,ISL,1969,16.55809
Iceland,ISL,1970,17.262842
Iceland,ISL,1971,20.020458
Iceland,ISL,1972,19.64529
Iceland,ISL,1973,21.550756
Iceland,ISL,1974,22.626572
Iceland,ISL,1975,22.681885
Iceland,ISL,1976,22.303335
Iceland,ISL,1977,25.565332
Iceland,ISL,1978,26.574371
Iceland,ISL,1979,27.845812
Iceland,ISL,1980,28.851767
Iceland,ISL,1981,28.933359
Iceland,ISL,1982,29.119734
Iceland,ISL,1983,26.27413
Iceland,ISL,1984,28.394587
Iceland,ISL,1985,27.040451
Iceland,ISL,1986,28.612049
Iceland,ISL,1987,30.275549
Iceland,ISL,1988,32.193981
Iceland,ISL,1989,31.340645
Iceland,ISL,1990,31.660143
Iceland,ISL,1991,32.187012
Iceland,ISL,1992,30.940588
Iceland,ISL,1993,31.190916
Iceland,ISL,1994,32.491634
Iceland,ISL,1995,31.630154
Iceland,ISL,1996,31.972403
Iceland,ISL,1997,35.395988
Iceland,ISL,1998,36.016937
Iceland,ISL,1999,37.761925
Iceland,ISL,2000,35.734692
Iceland,ISL,2001,36.914505
Iceland,ISL,2002,38.116077
Iceland,ISL,2003,38.93137
Iceland,ISL,2004,40.990265
Iceland,ISL,2005,43.735115
Iceland,ISL,2006,41.017879
Iceland,ISL,2007,42.293034
Iceland,ISL,2008,53.502907
Iceland,ISL,2009,51.966198
Iceland,ISL,2010,47.910744
Iceland,ISL,2011,47.348431
Iceland,ISL,2012,48.557827
Iceland,ISL,2013,47.482792
Iceland,ISL,2014,47.434498
Iceland,ISL,2015,47.978832
Iceland,ISL,2016,48.096577
Iceland,ISL,2017,48.085415
India,IND,1970,1.5841233
India,IND,1971,1.5942718
India,IND,1972,1.583451
India,IND,1973,1.6362197
India,IND,1974,1.5696566
India,IND,1975,1.6787913
India,IND,1976,1.607498
India,IND,1977,1.5615522
India,IND,1978,1.4982196
India,IND,1979,1.3632333
India,IND,1980,1.3488595
India,IND,1981,1.298887
India,IND,1982,1.2442565
India,IND,1983,1.2238344
India,IND,1984,1.2058848
India,IND,1985,1.2038138
India,IND,1986,1.2501929
India,IND,1987,1.3098626
India,IND,1988,1.3895913
India,IND,1989,1.45433
India,IND,1990,1.5154742
India,IND,1991,1.5047181
India,IND,1992,1.5607992
India,IND,1993,1.6255416
India,IND,1994,1.7193984
India,IND,1995,1.8339047
India,IND,1996,1.9785032
India,IND,1997,2.0774083
India,IND,1998,2.2059414
India,IND,1999,2.3323698
India,IND,2000,2.382719
India,IND,2001,2.4355893
India,IND,2002,2.5015376
India,IND,2003,2.6603591
India,IND,2004,2.7746389
India,IND,2005,3.147059
India,IND,2006,3.5525711
India,IND,2007,4.0003366
India,IND,2008,4.2570391
India,IND,2009,4.5577397
India,IND,2010,5.2355585
India,IND,2011,5.6497903
India,IND,2012,5.9812398
India,IND,2013,6.1617236
India,IND,2014,6.4680362
India,IND,2015,6.7829533
India,IND,2016,7.1186538
India,IND,2017,7.5529184
Indonesia,IDN,1970,1.9394928
Indonesia,IDN,1971,2.0201466
Indonesia,IDN,1972,2.1687393
Indonesia,IDN,1973,2.3322968
Indonesia,IDN,1974,2.4270458
Indonesia,IDN,1975,2.4353302
Indonesia,IDN,1976,2.5253441
Indonesia,IDN,1977,2.6745601
Indonesia,IDN,1978,2.7102113
Indonesia,IDN,1979,2.9237275
Indonesia,IDN,1980,3.1593945
Indonesia,IDN,1981,3.2270408
Indonesia,IDN,1982,3.0839977
Indonesia,IDN,1983,3.2223959
Indonesia,IDN,1984,3.3021755
Indonesia,IDN,1985,3.2424798
Indonesia,IDN,1986,3.2509766
Indonesia,IDN,1987,3.2640777
Indonesia,IDN,1988,3.284507
Indonesia,IDN,1989,3.5819881
Indonesia,IDN,1990,3.9022977
Indonesia,IDN,1991,4.1773977
Indonesia,IDN,1992,4.4065223
Indonesia,IDN,1993,4.6538272
Indonesia,IDN,1994,4.7576356
Indonesia,IDN,1995,5.3412118
Indonesia,IDN,1996,5.472012
Indonesia,IDN,1997,5.4717836
Indonesia,IDN,1998,4.3882914
Indonesia,IDN,1999,4.348443
Indonesia,IDN,2000,4.2429333
Indonesia,IDN,2001,4.2601643
Indonesia,IDN,2002,4.3371506
Indonesia,IDN,2003,4.2960224
Indonesia,IDN,2004,4.5891104
Indonesia,IDN,2005,5.0369921
Indonesia,IDN,2006,5.4479251
Indonesia,IDN,2007,5.5765514
Indonesia,IDN,2008,6.4795198
Indonesia,IDN,2009,6.9240618
Indonesia,IDN,2010,7.9644461
Indonesia,IDN,2011,9.6639261
Indonesia,IDN,2012,10.016643
Indonesia,IDN,2013,10.29667
Indonesia,IDN,2014,10.634439
Indonesia,IDN,2015,10.614254
Indonesia,IDN,2016,10.881228
Indonesia,IDN,2017,11.26875
Ireland,IRL,1950,4.6520672
Ireland,IRL,1951,4.7960143
Ireland,IRL,1952,5.0713482
Ireland,IRL,1953,5.2850451
Ireland,IRL,1954,5.4477811
Ireland,IRL,1955,5.6856503
Ireland,IRL,1956,5.7158661
Ireland,IRL,1957,5.9278841
Ireland,IRL,1958,5.936121
Ireland,IRL,1959,6.2691798
Ireland,IRL,1960,6.6444473
Ireland,IRL,1961,6.9757199
Ireland,IRL,1962,7.0762367
Ireland,IRL,1963,7.3548646
Ireland,IRL,1964,7.5354857
Ireland,IRL,1965,7.652905
Ireland,IRL,1966,7.788178
Ireland,IRL,1967,8.2898235
Ireland,IRL,1968,8.8953419
Ireland,IRL,1969,9.2989292
Ireland,IRL,1970,9.5386715
Ireland,IRL,1971,9.7948561
Ireland,IRL,1972,10.796545
Ireland,IRL,1973,11.330677
Ireland,IRL,1974,11.631923
Ireland,IRL,1975,12.319241
Ireland,IRL,1976,13.01738
Ireland,IRL,1977,14.038075
Ireland,IRL,1978,15.310881
Ireland,IRL,1979,15.539208
Ireland,IRL,1980,16.612619
Ireland,IRL,1981,17.224358
Ireland,IRL,1982,17.575886
Ireland,IRL,1983,17.462296
Ireland,IRL,1984,18.375029
Ireland,IRL,1985,18.401812
Ireland,IRL,1986,19.277132
Ireland,IRL,1987,20.662546
Ireland,IRL,1988,21.348442
Ireland,IRL,1989,22.595661
Ireland,IRL,1990,23.490772
Ireland,IRL,1991,24.454733
Ireland,IRL,1992,26.775665
Ireland,IRL,1993,28.355059
Ireland,IRL,1994,28.827583
Ireland,IRL,1995,31.828932
Ireland,IRL,1996,33.300354
Ireland,IRL,1997,35.913139
Ireland,IRL,1998,37.050026
Ireland,IRL,1999,38.412872
Ireland,IRL,2000,41.289856
Ireland,IRL,2001,43.283875
Ireland,IRL,2002,48.344299
Ireland,IRL,2003,52.285908
Ireland,IRL,2004,53.886658
Ireland,IRL,2005,56.445492
Ireland,IRL,2006,56.021301
Ireland,IRL,2007,59.531723
Ireland,IRL,2008,57.871777
Ireland,IRL,2009,60.784943
Ireland,IRL,2010,64.20047
Ireland,IRL,2011,69.324318
Ireland,IRL,2012,70.531242
Ireland,IRL,2013,68.966652
Ireland,IRL,2014,72.749329
Ireland,IRL,2015,91.498856
Ireland,IRL,2016,96.044075
Ireland,IRL,2017,99.129036
Israel,ISR,1981,22.177824
Israel,ISR,1982,22.72636
Israel,ISR,1983,23.110632
Israel,ISR,1984,23.102547
Israel,ISR,1985,23.673502
Israel,ISR,1986,25.022482
Israel,ISR,1987,26.465483
Israel,ISR,1988,27.106966
Israel,ISR,1989,26.04278
Israel,ISR,1990,28.125198
Israel,ISR,1991,29.227591
Israel,ISR,1992,29.629511
Israel,ISR,1993,29.446829
Israel,ISR,1994,28.824434
Israel,ISR,1995,29.301863
Israel,ISR,1996,30.075846
Israel,ISR,1997,31.013042
Israel,ISR,1998,32.232731
Israel,ISR,1999,33.009254
Israel,ISR,2000,34.850361
Israel,ISR,2001,35.714134
Israel,ISR,2002,35.279224
Israel,ISR,2003,33.937851
Israel,ISR,2004,33.752567
Israel,ISR,2005,33.158165
Israel,ISR,2006,32.770725
Israel,ISR,2007,31.606594
Israel,ISR,2008,30.527592
Israel,ISR,2009,31.349033
Israel,ISR,2010,31.81395
Israel,ISR,2011,32.39439
Israel,ISR,2012,33.366642
Israel,ISR,2013,34.766922
Israel,ISR,2014,36.690536
Israel,ISR,2015,37.777508
Israel,ISR,2016,37.812836
Israel,ISR,2017,38.105255
Italy,ITA,1950,4.5877404
Italy,ITA,1951,4.9516559
Italy,ITA,1952,5.0500383
Italy,ITA,1953,5.3448434
Italy,ITA,1954,5.4881282
Italy,ITA,1955,5.8556032
Italy,ITA,1956,6.0401444
Italy,ITA,1957,6.2510185
Italy,ITA,1958,6.4838281
Italy,ITA,1959,6.922143
Italy,ITA,1960,7.5328245
Italy,ITA,1961,8.1778746
Italy,ITA,1962,8.8652744
Italy,ITA,1963,9.4922037
Italy,ITA,1964,9.813879
Italy,ITA,1965,10.628944
Italy,ITA,1966,11.30651
Italy,ITA,1967,11.83678
Italy,ITA,1968,12.65291
Italy,ITA,1969,13.534912
Italy,ITA,1970,15.483587
Italy,ITA,1971,16.259562
Italy,ITA,1972,17.275341
Italy,ITA,1973,18.70517
Italy,ITA,1974,20.076382
Italy,ITA,1975,19.949717
Italy,ITA,1976,21.778297
Italy,ITA,1977,23.246664
Italy,ITA,1978,24.654202
Italy,ITA,1979,26.696453
Italy,ITA,1980,28.089077
Italy,ITA,1981,27.497166
Italy,ITA,1982,26.794643
Italy,ITA,1983,26.38648
Italy,ITA,1984,26.879433
Italy,ITA,1985,26.911936
Italy,ITA,1986,28.383823
Italy,ITA,1987,29.438852
Italy,ITA,1988,30.353039
Italy,ITA,1989,31.663248
Italy,ITA,1990,32.741028
Italy,ITA,1991,33.237125
Italy,ITA,1992,34.054062
Italy,ITA,1993,34.947403
Italy,ITA,1994,36.817905
Italy,ITA,1995,38.633854
Italy,ITA,1996,38.990223
Italy,ITA,1997,40.652035
Italy,ITA,1998,41.815304
Italy,ITA,1999,42.606289
Italy,ITA,2000,43.254021
Italy,ITA,2001,42.523666
Italy,ITA,2002,41.376347
Italy,ITA,2003,41.153084
Italy,ITA,2004,41.170815
Italy,ITA,2005,42.700417
Italy,ITA,2006,43.351158
Italy,ITA,2007,44.729683
Italy,ITA,2008,46.08728
Italy,ITA,2009,45.958931
Italy,ITA,2010,46.788708
Italy,ITA,2011,48.193611
Italy,ITA,2012,49.051674
Italy,ITA,2013,50.018944
Italy,ITA,2014,50.468079
Italy,ITA,2015,50.793781
Italy,ITA,2016,52.314011
Italy,ITA,2017,53.288624
Jamaica,JAM,1986,5.7625856
Jamaica,JAM,1987,6.0856934
Jamaica,JAM,1988,6.091866
Jamaica,JAM,1989,5.9378223
Jamaica,JAM,1990,6.3745542
Jamaica,JAM,1991,6.1127148
Jamaica,JAM,1992,6.426918
Jamaica,JAM,1993,6.9411416
Jamaica,JAM,1994,6.807198
Jamaica,JAM,1995,6.6698546
Jamaica,JAM,1996,6.7894325
Jamaica,JAM,1997,6.8138351
Jamaica,JAM,1998,6.8420506
Jamaica,JAM,1999,7.2047024
Jamaica,JAM,2000,7.4350014
Jamaica,JAM,2001,7.406148
Jamaica,JAM,2002,6.8554025
Japan,JPN,1950,2.6416044
Japan,JPN,1951,2.8877783
Japan,JPN,1952,3.1381619
Japan,JPN,1953,3.2359278
Japan,JPN,1954,3.3162682
Japan,JPN,1955,3.4288476
Japan,JPN,1956,3.5074923
Japan,JPN,1957,3.62273
Japan,JPN,1958,3.8242962
Japan,JPN,1959,4.1067042
Japan,JPN,1960,4.5029607
Japan,JPN,1961,4.9275827
Japan,JPN,1962,5.3882985
Japan,JPN,1963,5.8036437
Japan,JPN,1964,6.3578391
Japan,JPN,1965,6.7028208
Japan,JPN,1966,7.2190166
Japan,JPN,1967,7.7750969
Japan,JPN,1968,8.6068325
Japan,JPN,1969,9.6502132
Japan,JPN,1970,10.598037
Japan,JPN,1971,11.176849
Japan,JPN,1972,12.112369
Japan,JPN,1973,12.88447
Japan,JPN,1974,13.210339
Japan,JPN,1975,14.038105
Japan,JPN,1976,14.657567
Japan,JPN,1977,15.420078
Japan,JPN,1978,16.397501
Japan,JPN,1979,17.27833
Japan,JPN,1980,18.131681
Japan,JPN,1981,18.012115
Japan,JPN,1982,17.606657
Japan,JPN,1983,17.006542
Japan,JPN,1984,16.904806
Japan,JPN,1985,17.456308
Japan,JPN,1986,18.919258
Japan,JPN,1987,20.112009
Japan,JPN,1988,21.929787
Japan,JPN,1989,23.405376
Japan,JPN,1990,25.24828
Japan,JPN,1991,26.535292
Japan,JPN,1992,27.870647
Japan,JPN,1993,29.123993
Japan,JPN,1994,30.292086
Japan,JPN,1995,31.839857
Japan,JPN,1996,33.418446
Japan,JPN,1997,33.877354
Japan,JPN,1998,34.128277
Japan,JPN,1999,34.958954
Japan,JPN,2000,35.987274
Japan,JPN,2001,36.063423
Japan,JPN,2002,36.683716
Japan,JPN,2003,37.241158
Japan,JPN,2004,37.814915
Japan,JPN,2005,38.687721
Japan,JPN,2006,38.737988
Japan,JPN,2007,39.345524
Japan,JPN,2008,39.054733
Japan,JPN,2009,38.6922
Japan,JPN,2010,40.082291
Japan,JPN,2011,39.667797
Japan,JPN,2012,40.031647
Japan,JPN,2013,40.966282
Japan,JPN,2014,41.293217
Japan,JPN,2015,42.423306
Japan,JPN,2016,42.93734
Japan,JPN,2017,43.353165
Latvia,LVA,1995,11.447538
Latvia,LVA,1996,11.439307
Latvia,LVA,1997,11.195974
Latvia,LVA,1998,11.794693
Latvia,LVA,1999,12.378227
Latvia,LVA,2000,13.533331
Latvia,LVA,2001,14.201197
Latvia,LVA,2002,14.782426
Latvia,LVA,2003,15.111043
Latvia,LVA,2004,16.044943
Latvia,LVA,2005,17.782686
Latvia,LVA,2006,17.810238
Latvia,LVA,2007,18.968021
Latvia,LVA,2008,18.979692
Latvia,LVA,2009,19.657207
Latvia,LVA,2010,21.776661
Latvia,LVA,2011,22.929264
Latvia,LVA,2012,23.571009
Latvia,LVA,2013,23.512043
Latvia,LVA,2014,24.644011
Latvia,LVA,2015,25.696749
Latvia,LVA,2016,26.077209
Latvia,LVA,2017,28.094965
Lithuania,LTU,1995,11.855721
Lithuania,LTU,1996,12.216553
Lithuania,LTU,1997,12.615856
Lithuania,LTU,1998,12.777075
Lithuania,LTU,1999,13.914318
Lithuania,LTU,2000,14.552949
Lithuania,LTU,2001,16.335327
Lithuania,LTU,2002,16.287048
Lithuania,LTU,2003,17.722256
Lithuania,LTU,2004,17.196552
Lithuania,LTU,2005,19.13722
Lithuania,LTU,2006,20.377287
Lithuania,LTU,2007,21.329887
Lithuania,LTU,2008,22.532894
Lithuania,LTU,2009,21.980915
Lithuania,LTU,2010,24.338167
Lithuania,LTU,2011,26.741983
Lithuania,LTU,2012,27.75699
Lithuania,LTU,2013,27.958414
Lithuania,LTU,2014,28.783911
Lithuania,LTU,2015,28.156935
Lithuania,LTU,2016,27.448
Lithuania,LTU,2017,29.458128
Luxembourg,LUX,1970,26.17909
Luxembourg,LUX,1971,24.564047
Luxembourg,LUX,1972,26.082056
Luxembourg,LUX,1973,29.065872
Luxembourg,LUX,1974,30.673882
Luxembourg,LUX,1975,26.647738
Luxembourg,LUX,1976,28.103693
Luxembourg,LUX,1977,28.668348
Luxembourg,LUX,1978,30.671824
Luxembourg,LUX,1979,31.933411
Luxembourg,LUX,1980,32.587322
Luxembourg,LUX,1981,31.709505
Luxembourg,LUX,1982,32.185116
Luxembourg,LUX,1983,32.248829
Luxembourg,LUX,1984,31.948193
Luxembourg,LUX,1985,31.132603
Luxembourg,LUX,1986,35.341984
Luxembourg,LUX,1987,35.540596
Luxembourg,LUX,1988,37.858936
Luxembourg,LUX,1989,41.161938
Luxembourg,LUX,1990,41.617321
Luxembourg,LUX,1991,44.977413
Luxembourg,LUX,1992,45.001858
Luxembourg,LUX,1993,47.300159
Luxembourg,LUX,1994,49.26022
Luxembourg,LUX,1995,48.09613
Luxembourg,LUX,1996,47.516258
Luxembourg,LUX,1997,50.361565
Luxembourg,LUX,1998,52.413074
Luxembourg,LUX,1999,56.052296
Luxembourg,LUX,2000,59.01926
Luxembourg,LUX,2001,53.063766
Luxembourg,LUX,2002,50.471725
Luxembourg,LUX,2003,48.430092
Luxembourg,LUX,2004,44.107048
Luxembourg,LUX,2005,55.301788
Luxembourg,LUX,2006,52.911804
Luxembourg,LUX,2007,53.687717
Luxembourg,LUX,2008,50.628395
Luxembourg,LUX,2009,48.239399
Luxembourg,LUX,2010,53.972374
Luxembourg,LUX,2011,50.240917
Luxembourg,LUX,2012,54.101482
Luxembourg,LUX,2013,52.159534
Luxembourg,LUX,2014,60.408566
Luxembourg,LUX,2015,64.46772
Luxembourg,LUX,2016,66.75119
Luxembourg,LUX,2017,68.358604
Malaysia,MYS,1970,4.7563233
Malaysia,MYS,1971,5.6276474
Malaysia,MYS,1972,5.8634524
Malaysia,MYS,1973,6.4009914
Malaysia,MYS,1974,6.8671517
Malaysia,MYS,1975,6.4251142
Malaysia,MYS,1976,6.9302616
Malaysia,MYS,1977,7.2435751
Malaysia,MYS,1978,7.493155
Malaysia,MYS,1979,7.8679495
Malaysia,MYS,1980,8.2849054
Malaysia,MYS,1981,8.3380098
Malaysia,MYS,1982,8.5668869
Malaysia,MYS,1983,8.7596397
Malaysia,MYS,1984,9.222353
Malaysia,MYS,1985,8.3986816
Malaysia,MYS,1986,7.6269732
Malaysia,MYS,1987,7.8760967
Malaysia,MYS,1988,8.3311663
Malaysia,MYS,1989,8.8379889
Malaysia,MYS,1990,9.4929838
Malaysia,MYS,1991,10.45625
Malaysia,MYS,1992,10.580027
Malaysia,MYS,1993,11.021991
Malaysia,MYS,1994,11.718343
Malaysia,MYS,1995,12.849292
Malaysia,MYS,1996,12.748937
Malaysia,MYS,1997,13.119807
Malaysia,MYS,1998,11.180703
Malaysia,MYS,1999,11.436366
Malaysia,MYS,2000,12.649364
Malaysia,MYS,2001,12.386515
Malaysia,MYS,2002,12.749137
Malaysia,MYS,2003,13.257806
Malaysia,MYS,2004,14.476154
Malaysia,MYS,2005,16.135464
Malaysia,MYS,2006,16.163841
Malaysia,MYS,2007,17.608519
Malaysia,MYS,2008,19.780594
Malaysia,MYS,2009,18.132915
Malaysia,MYS,2010,18.19565
Malaysia,MYS,2011,19.913088
Malaysia,MYS,2012,20.517605
Malaysia,MYS,2013,20.846027
Malaysia,MYS,2014,20.827621
Malaysia,MYS,2015,20.386311
Malaysia,MYS,2016,20.853537
Malaysia,MYS,2017,21.680056
Malta,MLT,1994,17.554043
Malta,MLT,1995,16.954967
Malta,MLT,1996,16.710199
Malta,MLT,1997,19.198071
Malta,MLT,1998,19.856926
Malta,MLT,1999,20.92001
Malta,MLT,2000,25.952534
Malta,MLT,2001,23.714428
Malta,MLT,2002,23.616001
Malta,MLT,2003,25.283684
Malta,MLT,2004,25.016579
Malta,MLT,2005,27.146441
Malta,MLT,2006,26.248434
Malta,MLT,2007,27.107523
Malta,MLT,2008,26.367662
Malta,MLT,2009,26.293644
Malta,MLT,2010,27.713211
Malta,MLT,2011,28.098928
Malta,MLT,2012,28.33428
Malta,MLT,2013,27.474531
Malta,MLT,2014,27.140625
Malta,MLT,2015,31.942499
Malta,MLT,2016,30.936943
Malta,MLT,2017,32.872604
Mexico,MEX,1950,6.6334438
Mexico,MEX,1951,7.1002359
Mexico,MEX,1952,7.3209052
Mexico,MEX,1953,7.1446204
Mexico,MEX,1954,7.841713
Mexico,MEX,1955,8.3944101
Mexico,MEX,1956,8.8614349
Mexico,MEX,1957,9.3961611
Mexico,MEX,1958,9.7225962
Mexico,MEX,1959,9.8430424
Mexico,MEX,1960,10.439363
Mexico,MEX,1961,10.500389
Mexico,MEX,1962,10.654336
Mexico,MEX,1963,11.362803
Mexico,MEX,1964,12.597512
Mexico,MEX,1965,12.950069
Mexico,MEX,1966,13.396132
Mexico,MEX,1967,13.743291
Mexico,MEX,1968,14.553264
Mexico,MEX,1969,14.728601
Mexico,MEX,1970,15.225048
Mexico,MEX,1971,15.048581
Mexico,MEX,1972,15.439597
Mexico,MEX,1973,15.817816
Mexico,MEX,1974,15.92158
Mexico,MEX,1975,15.767284
Mexico,MEX,1976,15.923294
Mexico,MEX,1977,15.84034
Mexico,MEX,1978,16.499266
Mexico,MEX,1979,17.185856
Mexico,MEX,1980,17.825411
Mexico,MEX,1981,18.711941
Mexico,MEX,1982,17.919704
Mexico,MEX,1983,16.78401
Mexico,MEX,1984,16.711336
Mexico,MEX,1985,16.090073
Mexico,MEX,1986,14.666319
Mexico,MEX,1987,14.437977
Mexico,MEX,1988,14.059903
Mexico,MEX,1989,14.081478
Mexico,MEX,1990,14.497779
Mexico,MEX,1991,14.705164
Mexico,MEX,1992,14.818975
Mexico,MEX,1993,15.972627
Mexico,MEX,1994,16.254641
Mexico,MEX,1995,13.234575
Mexico,MEX,1996,12.920805
Mexico,MEX,1997,13.084893
Mexico,MEX,1998,13.897405
Mexico,MEX,1999,14.024827
Mexico,MEX,2000,14.652164
Mexico,MEX,2001,14.764512
Mexico,MEX,2002,14.336505
Mexico,MEX,2003,14.220852
Mexico,MEX,2004,14.684646
Mexico,MEX,2005,15.436988
Mexico,MEX,2006,15.513893
Mexico,MEX,2007,15.823824
Mexico,MEX,2008,15.835861
Mexico,MEX,2009,15.435143
Mexico,MEX,2010,15.391223
Mexico,MEX,2011,16.635841
Mexico,MEX,2012,16.627001
Mexico,MEX,2013,17.227352
Mexico,MEX,2014,18.125242
Mexico,MEX,2015,17.509512
Mexico,MEX,2016,17.575348
Mexico,MEX,2017,17.716841
Myanmar,MMR,1970,0.6536115
Myanmar,MMR,1971,0.65674
Myanmar,MMR,1972,0.6342771
Myanmar,MMR,1973,0.6224697
Myanmar,MMR,1974,0.6209127
Myanmar,MMR,1975,0.6271065
Myanmar,MMR,1976,0.6276598
Myanmar,MMR,1977,0.6217685
Myanmar,MMR,1978,0.6172441
Myanmar,MMR,1979,0.6237844
Myanmar,MMR,1980,0.6601874
Myanmar,MMR,1981,0.6823441
Myanmar,MMR,1982,0.7120338
Myanmar,MMR,1983,0.7272512
Myanmar,MMR,1984,0.7576739
Myanmar,MMR,1985,0.7525248
Myanmar,MMR,1986,0.7277279
Myanmar,MMR,1987,0.6852441
Myanmar,MMR,1988,0.5816349
Myanmar,MMR,1989,0.5827593
Myanmar,MMR,1990,0.6224836
Myanmar,MMR,1991,0.5913529
Myanmar,MMR,1992,0.6231291
Myanmar,MMR,1993,0.7904139
Myanmar,MMR,1994,0.7511323
Myanmar,MMR,1995,0.8226937
Myanmar,MMR,1996,0.8131406
Myanmar,MMR,1997,0.7953779
Myanmar,MMR,1998,0.9169052
Myanmar,MMR,1999,0.8720253
Myanmar,MMR,2000,0.8363698
Myanmar,MMR,2001,0.8809705
Myanmar,MMR,2002,0.8813392
Myanmar,MMR,2003,1.0113103
Myanmar,MMR,2004,1.0757315
Myanmar,MMR,2005,1.215257
Myanmar,MMR,2006,1.3462602
Myanmar,MMR,2007,1.5040795
Myanmar,MMR,2008,1.7614514
Myanmar,MMR,2009,1.9171978
Myanmar,MMR,2010,2.4152381
Myanmar,MMR,2011,2.7545233
Myanmar,MMR,2012,3.0306535
Myanmar,MMR,2013,3.4592371
Myanmar,MMR,2014,3.7327595
Myanmar,MMR,2015,3.8348627
Myanmar,MMR,2016,3.8518491
Myanmar,MMR,2017,4.0099111
Netherlands,NLD,1950,9.3215342
Netherlands,NLD,1951,9.804594
Netherlands,NLD,1952,10.153689
Netherlands,NLD,1953,10.873291
Netherlands,NLD,1954,11.30118
Netherlands,NLD,1955,12.134967
Netherlands,NLD,1956,12.518307
Netherlands,NLD,1957,13.009415
Netherlands,NLD,1958,13.175454
Netherlands,NLD,1959,13.893889
Netherlands,NLD,1960,15.040569
Netherlands,NLD,1961,15.180079
Netherlands,NLD,1962,15.550998
Netherlands,NLD,1963,15.485806
Netherlands,NLD,1964,16.995474
Netherlands,NLD,1965,17.586653
Netherlands,NLD,1966,17.790512
Netherlands,NLD,1967,18.845137
Netherlands,NLD,1968,19.910612
Netherlands,NLD,1969,19.845654
Netherlands,NLD,1970,21.203167
Netherlands,NLD,1971,22.55757
Netherlands,NLD,1972,23.58111
Netherlands,NLD,1973,25.39744
Netherlands,NLD,1974,28.335426
Netherlands,NLD,1975,28.897024
Netherlands,NLD,1976,30.401934
Netherlands,NLD,1977,31.135162
Netherlands,NLD,1978,32.1604
Netherlands,NLD,1979,32.869022
Netherlands,NLD,1980,33.761421
Netherlands,NLD,1981,32.996433
Netherlands,NLD,1982,32.85379
Netherlands,NLD,1983,33.526943
Netherlands,NLD,1984,34.072514
Netherlands,NLD,1985,33.021484
Netherlands,NLD,1986,34.058048
Netherlands,NLD,1987,34.184204
Netherlands,NLD,1988,35.000015
Netherlands,NLD,1989,35.658237
Netherlands,NLD,1990,36.973812
Netherlands,NLD,1991,37.697166
Netherlands,NLD,1992,37.567348
Netherlands,NLD,1993,38.959568
Netherlands,NLD,1994,39.587971
Netherlands,NLD,1995,40.318356
Netherlands,NLD,1996,40.727177
Netherlands,NLD,1997,42.674381
Netherlands,NLD,1998,43.165665
Netherlands,NLD,1999,45.329002
Netherlands,NLD,2000,49.454227
Netherlands,NLD,2001,49.577644
Netherlands,NLD,2002,49.88224
Netherlands,NLD,2003,50.48254
Netherlands,NLD,2004,51.226521
Netherlands,NLD,2005,58.245831
Netherlands,NLD,2006,58.464386
Netherlands,NLD,2007,60.577805
Netherlands,NLD,2008,62.078987
Netherlands,NLD,2009,57.816067
Netherlands,NLD,2010,58.601719
Netherlands,NLD,2011,59.323879
Netherlands,NLD,2012,61.029037
Netherlands,NLD,2013,65.256027
Netherlands,NLD,2014,61.949635
Netherlands,NLD,2015,60.876217
Netherlands,NLD,2016,59.382244
Netherlands,NLD,2017,61.431767
New Zealand,NZL,1970,18.008009
New Zealand,NZL,1971,18.432245
New Zealand,NZL,1972,19.261206
New Zealand,NZL,1973,20.451082
New Zealand,NZL,1974,20.542311
New Zealand,NZL,1975,19.615709
New Zealand,NZL,1976,20.044687
New Zealand,NZL,1977,19.238613
New Zealand,NZL,1978,17.972296
New Zealand,NZL,1979,17.837635
New Zealand,NZL,1980,17.87315
New Zealand,NZL,1981,18.812466
New Zealand,NZL,1982,19.006144
New Zealand,NZL,1983,20.279037
New Zealand,NZL,1984,21.046213
New Zealand,NZL,1985,20.248075
New Zealand,NZL,1986,21.49567
New Zealand,NZL,1987,22.277056
New Zealand,NZL,1988,24.169104
New Zealand,NZL,1989,25.209368
New Zealand,NZL,1990,25.415318
New Zealand,NZL,1991,25.473747
New Zealand,NZL,1992,25.87232
New Zealand,NZL,1993,26.368521
New Zealand,NZL,1994,26.942753
New Zealand,NZL,1995,27.271931
New Zealand,NZL,1996,27.969702
New Zealand,NZL,1997,29.011072
New Zealand,NZL,1998,29.633595
New Zealand,NZL,1999,30.698193
New Zealand,NZL,2000,30.599773
New Zealand,NZL,2001,30.917597
New Zealand,NZL,2002,30.903254
New Zealand,NZL,2003,31.271137
New Zealand,NZL,2004,30.317465
New Zealand,NZL,2005,30.880188
New Zealand,NZL,2006,30.932262
New Zealand,NZL,2007,32.86245
New Zealand,NZL,2008,33.118595
New Zealand,NZL,2009,34.373581
New Zealand,NZL,2010,35.145561
New Zealand,NZL,2011,36.16444
New Zealand,NZL,2012,36.60627
New Zealand,NZL,2013,37.645927
New Zealand,NZL,2014,38.48402
New Zealand,NZL,2015,38.5625
New Zealand,NZL,2016,39.368458
New Zealand,NZL,2017,38.800846
Nigeria,NGA,2010,7.9915104
Nigeria,NGA,2011,8.203433
Nigeria,NGA,2012,9.1184845
Nigeria,NGA,2013,9.0460615
Nigeria,NGA,2014,8.9847279
Nigeria,NGA,2015,8.8187447
Nigeria,NGA,2016,7.1218705
Nigeria,NGA,2017,6.8703432
Norway,NOR,1950,8.4999638
Norway,NOR,1951,8.9981871
Norway,NOR,1952,9.4967155
Norway,NOR,1953,10.025637
Norway,NOR,1954,10.34576
Norway,NOR,1955,10.744579
Norway,NOR,1956,11.217801
Norway,NOR,1957,11.802495
Norway,NOR,1958,11.903381
Norway,NOR,1959,12.274018
Norway,NOR,1960,12.508367
Norway,NOR,1961,13.142096
Norway,NOR,1962,13.410333
Norway,NOR,1963,13.879857
Norway,NOR,1964,14.631478
Norway,NOR,1965,15.677475
Norway,NOR,1966,16.167313
Norway,NOR,1967,17.24033
Norway,NOR,1968,18.22472
Norway,NOR,1969,19.268667
Norway,NOR,1970,15.699322
Norway,NOR,1971,16.908928
Norway,NOR,1972,18.865122
Norway,NOR,1973,19.453407
Norway,NOR,1974,21.205976
Norway,NOR,1975,23.493271
Norway,NOR,1976,26.105289
Norway,NOR,1977,26.79162
Norway,NOR,1978,29.11027
Norway,NOR,1979,30.945147
Norway,NOR,1980,32.188869
Norway,NOR,1981,32.270409
Norway,NOR,1982,32.196674
Norway,NOR,1983,33.901089
Norway,NOR,1984,35.842377
Norway,NOR,1985,35.301304
Norway,NOR,1986,33.138279
Norway,NOR,1987,33.923038
Norway,NOR,1988,32.681862
Norway,NOR,1989,35.029922
Norway,NOR,1990,39.263771
Norway,NOR,1991,39.801662
Norway,NOR,1992,40.874657
Norway,NOR,1993,41.115425
Norway,NOR,1994,42.212753
Norway,NOR,1995,45.056938
Norway,NOR,1996,49.827129
Norway,NOR,1997,51.312538
Norway,NOR,1998,47.631477
Norway,NOR,1999,52.764805
Norway,NOR,2000,65.822556
Norway,NOR,2001,67.511391
Norway,NOR,2002,65.42881
Norway,NOR,2003,71.975746
Norway,NOR,2004,75.303345
Norway,NOR,2005,92.042786
Norway,NOR,2006,97.2388
Norway,NOR,2007,94.310295
Norway,NOR,2008,103.7504
Norway,NOR,2009,89.443871
Norway,NOR,2010,96.927681
Norway,NOR,2011,105.88589
Norway,NOR,2012,109.77214
Norway,NOR,2013,107.97221
Norway,NOR,2014,99.664436
Norway,NOR,2015,83.146919
Norway,NOR,2016,79.052994
Norway,NOR,2017,80.832024
Pakistan,PAK,1970,3.0347986
Pakistan,PAK,1971,2.9374449
Pakistan,PAK,1972,3.0468557
Pakistan,PAK,1973,3.0612679
Pakistan,PAK,1974,3.0343907
Pakistan,PAK,1975,2.9860702
Pakistan,PAK,1976,3.0757358
Pakistan,PAK,1977,3.0865226
Pakistan,PAK,1978,3.2152219
Pakistan,PAK,1979,3.2858694
Pakistan,PAK,1980,3.4849205
Pakistan,PAK,1981,3.6051576
Pakistan,PAK,1982,3.6653032
Pakistan,PAK,1983,3.8176045
Pakistan,PAK,1984,3.86764
Pakistan,PAK,1985,4.0114732
Pakistan,PAK,1986,4.1029687
Pakistan,PAK,1987,4.1662159
Pakistan,PAK,1988,4.4611816
Pakistan,PAK,1989,4.5270109
Pakistan,PAK,1990,4.3950729
Pakistan,PAK,1991,4.4460163
Pakistan,PAK,1992,4.5291357
Pakistan,PAK,1993,4.4366207
Pakistan,PAK,1994,4.4411349
Pakistan,PAK,1995,4.6345468
Pakistan,PAK,1996,4.8694453
Pakistan,PAK,1997,4.6896267
Pakistan,PAK,1998,4.7048235
Pakistan,PAK,1999,4.7043395
Pakistan,PAK,2000,4.9108515
Pakistan,PAK,2001,4.8996067
Pakistan,PAK,2002,4.933825
Pakistan,PAK,2003,4.9542279
Pakistan,PAK,2004,5.1384668
Pakistan,PAK,2005,5.6253428
Pakistan,PAK,2006,5.7707
Pakistan,PAK,2007,6.1128249
Pakistan,PAK,2008,6.3127513
Pakistan,PAK,2009,6.5133333
Pakistan,PAK,2010,6.7230115
Pakistan,PAK,2011,7.0688071
Pakistan,PAK,2012,7.1446867
Pakistan,PAK,2013,7.2425332
Pakistan,PAK,2014,7.5533972
Pakistan,PAK,2015,7.6864133
Pakistan,PAK,2016,7.8258204
Pakistan,PAK,2017,8.1883068
Peru,PER,1950,2.6272032
Peru,PER,1951,2.7758014
Peru,PER,1952,2.8786111
Peru,PER,1953,2.9714112
Peru,PER,1954,3.0996504
Peru,PER,1955,3.2029545
Peru,PER,1956,3.2522697
Peru,PER,1957,3.4455953
Peru,PER,1958,3.336787
Peru,PER,1959,3.3404062
Peru,PER,1960,3.6187081
Peru,PER,1961,3.8177428
Peru,PER,1962,4.0950212
Peru,PER,1963,4.2594275
Peru,PER,1964,4.4751191
Peru,PER,1965,4.6956964
Peru,PER,1966,4.9764743
Peru,PER,1967,5.1424251
Peru,PER,1968,5.0471034
Peru,PER,1969,5.2071528
Peru,PER,1970,5.2877631
Peru,PER,1971,5.3984265
Peru,PER,1972,5.3394804
Peru,PER,1973,5.6065001
Peru,PER,1974,5.8918033
Peru,PER,1975,6.0582299
Peru,PER,1976,5.9483895
Peru,PER,1977,5.7643752
Peru,PER,1978,5.5086565
Peru,PER,1979,5.527545
Peru,PER,1980,5.8584342
Peru,PER,1981,6.1370044
Peru,PER,1982,6.001986
Peru,PER,1983,5.2965035
Peru,PER,1984,5.3520236
Peru,PER,1985,5.247057
Peru,PER,1986,5.5740142
Peru,PER,1987,6.0333061
Peru,PER,1988,5.6993794
Peru,PER,1989,4.6590481
Peru,PER,1990,4.5957327
Peru,PER,1991,4.4967074
Peru,PER,1992,4.5993495
Peru,PER,1993,4.7600169
Peru,PER,1994,5.290617
Peru,PER,1995,5.6529398
Peru,PER,1996,5.7608423
Peru,PER,1997,6.0271225
Peru,PER,1998,5.6625757
Peru,PER,1999,5.6105671
Peru,PER,2000,5.1932569
Peru,PER,2001,5.2105575
Peru,PER,2002,5.3580718
Peru,PER,2003,5.6131239
Peru,PER,2004,5.9544873
Peru,PER,2005,6.4885759
Peru,PER,2006,7.0596633
Peru,PER,2007,7.580441
Peru,PER,2008,8.1551056
Peru,PER,2009,8.1626272
Peru,PER,2010,9.2393875
Peru,PER,2011,10.031083
Peru,PER,2012,10.476438
Peru,PER,2013,10.791739
Peru,PER,2014,11.031838
Peru,PER,2015,10.910213
Peru,PER,2016,11.112116
Peru,PER,2017,11.187585
Philippines,PHL,1970,3.6095529
Philippines,PHL,1971,3.5569344
Philippines,PHL,1972,3.5917156
Philippines,PHL,1973,3.7365446
Philippines,PHL,1974,3.8301911
Philippines,PHL,1975,4.0898266
Philippines,PHL,1976,4.3337464
Philippines,PHL,1977,4.3143649
Philippines,PHL,1978,4.2922134
Philippines,PHL,1979,4.1474032
Philippines,PHL,1980,4.5457911
Philippines,PHL,1981,4.532084
Philippines,PHL,1982,4.6646986
Philippines,PHL,1983,4.4522271
Philippines,PHL,1984,4.0170178
Philippines,PHL,1985,3.6887505
Philippines,PHL,1986,3.7764032
Philippines,PHL,1987,4.0775466
Philippines,PHL,1988,4.4114475
Philippines,PHL,1989,4.6352243
Philippines,PHL,1990,5.0231724
Philippines,PHL,1991,4.9968767
Philippines,PHL,1992,5.0487804
Philippines,PHL,1993,5.3014932
Philippines,PHL,1994,5.7162118
Philippines,PHL,1995,6.2169986
Philippines,PHL,1996,6.5327673
Philippines,PHL,1997,6.6125526
Philippines,PHL,1998,6.0313096
Philippines,PHL,1999,5.6679535
Philippines,PHL,2000,5.880661
Philippines,PHL,2001,5.6131778
Philippines,PHL,2002,5.5719724
Philippines,PHL,2003,5.5593014
Philippines,PHL,2004,5.5342922
Philippines,PHL,2005,5.5881262
Philippines,PHL,2006,5.8933158
Philippines,PHL,2007,6.1514235
Philippines,PHL,2008,6.4201455
Philippines,PHL,2009,6.490972
Philippines,PHL,2010,6.9427061
Philippines,PHL,2011,7.3528395
Philippines,PHL,2012,7.5580559
Philippines,PHL,2013,8.0290146
Philippines,PHL,2014,8.3025208
Philippines,PHL,2015,8.5515108
Philippines,PHL,2016,8.9257526
Philippines,PHL,2017,9.6389256
Poland,POL,1993,11.950162
Poland,POL,1994,12.641659
Poland,POL,1995,13.709008
Poland,POL,1996,14.599551
Poland,POL,1997,15.165374
Poland,POL,1998,15.562293
Poland,POL,1999,16.568731
Poland,POL,2000,17.343266
Poland,POL,2001,17.793726
Poland,POL,2002,18.814718
Poland,POL,2003,19.16564
Poland,POL,2004,19.659519
Poland,POL,2005,20.315781
Poland,POL,2006,20.411503
Poland,POL,2007,21.269712
Poland,POL,2008,21.903019
Poland,POL,2009,22.790068
Poland,POL,2010,25.73745
Poland,POL,2011,27.43997
Poland,POL,2012,28.418705
Poland,POL,2013,28.529173
Poland,POL,2014,28.346479
Poland,POL,2015,29.156763
Poland,POL,2016,29.509626
Poland,POL,2017,31.061352
Portugal,PRT,1950,3.0793178
Portugal,PRT,1951,3.4267573
Portugal,PRT,1952,3.5581932
Portugal,PRT,1953,3.7327213
Portugal,PRT,1954,3.8813853
Portugal,PRT,1955,4.0136628
Portugal,PRT,1956,4.1867156
Portugal,PRT,1957,4.4951367
Portugal,PRT,1958,4.4093218
Portugal,PRT,1959,4.6563468
Portugal,PRT,1960,4.9707599
Portugal,PRT,1961,5.2671556
Portugal,PRT,1962,5.6824179
Portugal,PRT,1963,6.0668659
Portugal,PRT,1964,6.3661032
Portugal,PRT,1965,6.8736205
Portugal,PRT,1966,7.1176395
Portugal,PRT,1967,7.7457638
Portugal,PRT,1968,8.8887825
Portugal,PRT,1969,9.2621365
Portugal,PRT,1970,9.8662033
Portugal,PRT,1971,10.295086
Portugal,PRT,1972,11.038831
Portugal,PRT,1973,12.198849
Portugal,PRT,1974,11.498528
Portugal,PRT,1975,10.578391
Portugal,PRT,1976,11.195163
Portugal,PRT,1977,11.652396
Portugal,PRT,1978,11.946731
Portugal,PRT,1979,12.377824
Portugal,PRT,1980,12.648607
Portugal,PRT,1981,12.59174
Portugal,PRT,1982,12.712745
Portugal,PRT,1983,11.942002
Portugal,PRT,1984,11.603941
Portugal,PRT,1985,11.929058
Portugal,PRT,1986,13.182607
Portugal,PRT,1987,13.812022
Portugal,PRT,1988,14.755192
Portugal,PRT,1989,15.207797
Portugal,PRT,1990,15.903026
Portugal,PRT,1991,16.744692
Portugal,PRT,1992,17.260923
Portugal,PRT,1993,18.13957
Portugal,PRT,1994,19.390543
Portugal,PRT,1995,19.881763
Portugal,PRT,1996,20.074362
Portugal,PRT,1997,21.264364
Portugal,PRT,1998,21.652475
Portugal,PRT,1999,22.700914
Portugal,PRT,2000,23.453257
Portugal,PRT,2001,23.206509
Portugal,PRT,2002,23.294003
Portugal,PRT,2003,23.493219
Portugal,PRT,2004,23.545559
Portugal,PRT,2005,25.994442
Portugal,PRT,2006,27.243927
Portugal,PRT,2007,27.564116
Portugal,PRT,2008,27.551277
Portugal,PRT,2009,27.826616
Portugal,PRT,2010,29.439457
Portugal,PRT,2011,29.378988
Portugal,PRT,2012,30.544796
Portugal,PRT,2013,31.445803
Portugal,PRT,2014,31.280638
Portugal,PRT,2015,31.738722
Portugal,PRT,2016,29.084703
Portugal,PRT,2017,27.799564
Romania,ROU,1995,8.1923733
Romania,ROU,1996,8.7196503
Romania,ROU,1997,8.2047825
Romania,ROU,1998,8.2504501
Romania,ROU,1999,8.3982477
Romania,ROU,2000,8.7063255
Romania,ROU,2001,9.5553093
Romania,ROU,2002,10.95467
Romania,ROU,2003,11.721263
Romania,ROU,2004,13.270844
Romania,ROU,2005,14.113142
Romania,ROU,2006,15.952578
Romania,ROU,2007,17.815891
Romania,ROU,2008,20.684237
Romania,ROU,2009,20.887705
Romania,ROU,2010,21.623081
Romania,ROU,2011,22.214352
Romania,ROU,2012,25.799992
Romania,ROU,2013,26.24255
Romania,ROU,2014,26.77807
Romania,ROU,2015,28.864254
Romania,ROU,2016,31.298994
Romania,ROU,2017,33.353191
Russia,RUS,1992,14.701906
Russia,RUS,1993,12.767162
Russia,RUS,1994,11.463222
Russia,RUS,1995,11.096526
Russia,RUS,1996,10.898945
Russia,RUS,1997,10.456717
Russia,RUS,1998,9.6346426
Russia,RUS,1999,9.1317472
Russia,RUS,2000,10.204453
Russia,RUS,2001,10.387738
Russia,RUS,2002,10.503565
Russia,RUS,2003,11.435592
Russia,RUS,2004,12.828995
Russia,RUS,2005,14.696248
Russia,RUS,2006,17.05549
Russia,RUS,2007,19.792637
Russia,RUS,2008,22.57509
Russia,RUS,2009,20.676634
Russia,RUS,2010,23.415195
Russia,RUS,2011,26.708319
Russia,RUS,2012,27.809864
Russia,RUS,2013,28.132402
Russia,RUS,2014,27.458197
Russia,RUS,2015,24.142157
Russia,RUS,2016,23.370552
Russia,RUS,2017,23.9105
Saint Lucia,LCA,1985,9.2644997
Saint Lucia,LCA,1986,10.129997
Saint Lucia,LCA,1987,10.80791
Saint Lucia,LCA,1988,11.185478
Saint Lucia,LCA,1989,11.107075
Saint Lucia,LCA,1990,11.665741
Saint Lucia,LCA,1991,10.792454
Saint Lucia,LCA,1992,10.772609
Saint Lucia,LCA,1993,10.111172
Saint Lucia,LCA,1994,9.337842
Saint Lucia,LCA,1995,9.5028181
Saint Lucia,LCA,1996,11.317702
Saint Lucia,LCA,1997,10.636411
Saint Lucia,LCA,1998,10.946546
Saint Lucia,LCA,1999,9.9649601
Saint Lucia,LCA,2000,9.8221712
Saint Lucia,LCA,2001,8.3354645
Singapore,SGP,1960,3.8847952
Singapore,SGP,1961,4.3113971
Singapore,SGP,1962,4.8509665
Singapore,SGP,1963,5.509089
Singapore,SGP,1964,5.4243259
Singapore,SGP,1965,5.7710814
Singapore,SGP,1966,6.359201
Singapore,SGP,1967,7.1890821
Singapore,SGP,1968,7.8397012
Singapore,SGP,1969,8.9876871
Singapore,SGP,1970,10.3009
Singapore,SGP,1971,10.832585
Singapore,SGP,1972,11.165365
Singapore,SGP,1973,11.526704
Singapore,SGP,1974,13.605501
Singapore,SGP,1975,13.955132
Singapore,SGP,1976,14.472525
Singapore,SGP,1977,15.076062
Singapore,SGP,1978,15.821642
Singapore,SGP,1979,17.267876
Singapore,SGP,1980,18.489614
Singapore,SGP,1981,18.133194
Singapore,SGP,1982,18.223667
Singapore,SGP,1983,19.045835
Singapore,SGP,1984,20.345108
Singapore,SGP,1985,18.806591
Singapore,SGP,1986,19.742884
Singapore,SGP,1987,20.979759
Singapore,SGP,1988,21.08629
Singapore,SGP,1989,20.298929
Singapore,SGP,1990,22.918968
Singapore,SGP,1991,20.894871
Singapore,SGP,1992,20.076614
Singapore,SGP,1993,18.904055
Singapore,SGP,1994,17.051355
Singapore,SGP,1995,16.941927
Singapore,SGP,1996,19.144566
Singapore,SGP,1997,19.2108
Singapore,SGP,1998,20.897701
Singapore,SGP,1999,21.863121
Singapore,SGP,2000,28.143967
Singapore,SGP,2001,26.007433
Singapore,SGP,2002,28.813831
Singapore,SGP,2003,26.997822
Singapore,SGP,2004,31.790226
Singapore,SGP,2005,42.10561
Singapore,SGP,2006,43.825172
Singapore,SGP,2007,44.301811
Singapore,SGP,2008,36.521801
Singapore,SGP,2009,34.447548
Singapore,SGP,2010,41.63641
Singapore,SGP,2011,43.99947
Singapore,SGP,2012,42.793999
Singapore,SGP,2013,41.677673
Singapore,SGP,2014,45.365833
Singapore,SGP,2015,45.118176
Singapore,SGP,2016,45.456043
Singapore,SGP,2017,48.246395
Slovakia,SVK,1990,19.252087
Slovakia,SVK,1991,16.471275
Slovakia,SVK,1992,16.339151
Slovakia,SVK,1993,16.506237
Slovakia,SVK,1994,17.441214
Slovakia,SVK,1995,17.983747
Slovakia,SVK,1996,19.161283
Slovakia,SVK,1997,19.897287
Slovakia,SVK,1998,19.604002
Slovakia,SVK,1999,19.285925
Slovakia,SVK,2000,20.509253
Slovakia,SVK,2001,21.69187
Slovakia,SVK,2002,22.615025
Slovakia,SVK,2003,23.276735
Slovakia,SVK,2004,22.914267
Slovakia,SVK,2005,25.415373
Slovakia,SVK,2006,26.389233
Slovakia,SVK,2007,27.677992
Slovakia,SVK,2008,29.592136
Slovakia,SVK,2009,28.853695
Slovakia,SVK,2010,31.523878
Slovakia,SVK,2011,31.539068
Slovakia,SVK,2012,31.661573
Slovakia,SVK,2013,31.856274
Slovakia,SVK,2014,32.51693
Slovakia,SVK,2015,31.958994
Slovakia,SVK,2016,32.289009
Slovakia,SVK,2017,32.731033
Slovenia,SVN,1995,22.42812
Slovenia,SVN,1996,24.174484
Slovenia,SVN,1997,25.228989
Slovenia,SVN,1998,24.810051
Slovenia,SVN,1999,25.21435
Slovenia,SVN,2000,26.303816
Slovenia,SVN,2001,26.570093
Slovenia,SVN,2002,26.393761
Slovenia,SVN,2003,27.023327
Slovenia,SVN,2004,27.756048
Slovenia,SVN,2005,31.134966
Slovenia,SVN,2006,31.19363
Slovenia,SVN,2007,31.404945
Slovenia,SVN,2008,33.493172
Slovenia,SVN,2009,31.338003
Slovenia,SVN,2010,32.622787
Slovenia,SVN,2011,34.491257
Slovenia,SVN,2012,35.057224
Slovenia,SVN,2013,34.592617
Slovenia,SVN,2014,34.702248
Slovenia,SVN,2015,33.564655
Slovenia,SVN,2016,33.966694
Slovenia,SVN,2017,35.628292
South Africa,ZAF,2001,13.179679
South Africa,ZAF,2002,13.181885
South Africa,ZAF,2003,14.137589
South Africa,ZAF,2004,14.641752
South Africa,ZAF,2005,14.736291
South Africa,ZAF,2006,15.47813
South Africa,ZAF,2007,16.541586
South Africa,ZAF,2008,16.648008
South Africa,ZAF,2009,16.7883
South Africa,ZAF,2010,17.801285
South Africa,ZAF,2011,17.750896
South Africa,ZAF,2012,17.676292
South Africa,ZAF,2013,17.453863
South Africa,ZAF,2014,17.473833
South Africa,ZAF,2015,17.025166
South Africa,ZAF,2016,16.885654
South Africa,ZAF,2017,16.673927
South Korea,KOR,1953,1.4363902
South Korea,KOR,1954,1.4568065
South Korea,KOR,1955,1.5338231
South Korea,KOR,1956,1.5386804
South Korea,KOR,1957,1.6481717
South Korea,KOR,1958,1.6715766
South Korea,KOR,1959,1.6668432
South Korea,KOR,1960,1.6497203
South Korea,KOR,1961,1.6962011
South Korea,KOR,1962,1.6371397
South Korea,KOR,1963,1.7543225
South Korea,KOR,1964,1.9356046
South Korea,KOR,1965,1.8526944
South Korea,KOR,1966,2.0704362
South Korea,KOR,1967,2.0831008
South Korea,KOR,1968,2.1787748
South Korea,KOR,1969,2.3651412
South Korea,KOR,1970,2.58056
South Korea,KOR,1971,2.8555498
South Korea,KOR,1972,3.0270588
South Korea,KOR,1973,3.454932
South Korea,KOR,1974,3.8796463
South Korea,KOR,1975,4.3020616
South Korea,KOR,1976,4.3177357
South Korea,KOR,1977,4.6057353
South Korea,KOR,1978,4.7870607
South Korea,KOR,1979,4.9850717
South Korea,KOR,1980,4.7000074
South Korea,KOR,1981,4.8638787
South Korea,KOR,1982,5.07443
South Korea,KOR,1983,5.6036544
South Korea,KOR,1984,6.1876044
South Korea,KOR,1985,6.2713065
South Korea,KOR,1986,7.1064186
South Korea,KOR,1987,7.9001956
South Korea,KOR,1988,8.8715954
South Korea,KOR,1989,9.7509546
South Korea,KOR,1990,10.915829
South Korea,KOR,1991,12.048909
South Korea,KOR,1992,12.871272
South Korea,KOR,1993,13.903078
South Korea,KOR,1994,15.267266
South Korea,KOR,1995,16.73321
South Korea,KOR,1996,18.27681
South Korea,KOR,1997,17.988014
South Korea,KOR,1998,17.321232
South Korea,KOR,1999,18.826815
South Korea,KOR,2000,19.343603
South Korea,KOR,2001,19.596798
South Korea,KOR,2002,20.867996
South Korea,KOR,2003,21.972574
South Korea,KOR,2004,23.156965
South Korea,KOR,2005,24.856293
South Korea,KOR,2006,25.477766
South Korea,KOR,2007,27.152468
South Korea,KOR,2008,28.247784
South Korea,KOR,2009,28.269518
South Korea,KOR,2010,30.454895
South Korea,KOR,2011,30.957315
South Korea,KOR,2012,30.769899
South Korea,KOR,2013,30.885378
South Korea,KOR,2014,31.758259
South Korea,KOR,2015,32.598591
South Korea,KOR,2016,33.443001
South Korea,KOR,2017,34.063381
Spain,ESP,1950,3.749707
Spain,ESP,1951,4.4117179
Spain,ESP,1952,4.6138787
Spain,ESP,1953,4.429256
Spain,ESP,1954,4.9381738
Spain,ESP,1955,5.1842022
Spain,ESP,1956,5.522573
Spain,ESP,1957,5.7167268
Spain,ESP,1958,5.8902006
Spain,ESP,1959,5.8418031
Spain,ESP,1960,6.6185293
Spain,ESP,1961,7.3429971
Spain,ESP,1962,8.0788279
Spain,ESP,1963,8.8626842
Spain,ESP,1964,9.4829721
Spain,ESP,1965,9.9875231
Spain,ESP,1966,10.638777
Spain,ESP,1967,11.040279
Spain,ESP,1968,11.947026
Spain,ESP,1969,13.000243
Spain,ESP,1970,13.334291
Spain,ESP,1971,13.833059
Spain,ESP,1972,14.814837
Spain,ESP,1973,15.610851
Spain,ESP,1974,16.214169
Spain,ESP,1975,16.492647
Spain,ESP,1976,17.367472
Spain,ESP,1977,18.339729
Spain,ESP,1978,19.68532
Spain,ESP,1979,20.825672
Spain,ESP,1980,22.224407
Spain,ESP,1981,22.008652
Spain,ESP,1982,21.721027
Spain,ESP,1983,21.708662
Spain,ESP,1984,22.380222
Spain,ESP,1985,22.447086
Spain,ESP,1986,23.499882
Spain,ESP,1987,24.209206
Spain,ESP,1988,25.186834
Spain,ESP,1989,26.142153
Spain,ESP,1990,26.575228
Spain,ESP,1991,27.340019
Spain,ESP,1992,28.588129
Spain,ESP,1993,30.008434
Spain,ESP,1994,31.51989
Spain,ESP,1995,32.588024
Spain,ESP,1996,33.300293
Spain,ESP,1997,34.612404
Spain,ESP,1998,35.199654
Spain,ESP,1999,35.012821
Spain,ESP,2000,35.446335
Spain,ESP,2001,34.957146
Spain,ESP,2002,35.251709
Spain,ESP,2003,34.931374
Spain,ESP,2004,35.23988
Spain,ESP,2005,37.863857
Spain,ESP,2006,39.985825
Spain,ESP,2007,41.802025
Spain,ESP,2008,42.418053
Spain,ESP,2009,43.673996
Spain,ESP,2010,44.376198
Spain,ESP,2011,44.979164
Spain,ESP,2012,47.039505
Spain,ESP,2013,47.722145
Spain,ESP,2014,47.99633
Spain,ESP,2015,49.117661
Spain,ESP,2016,49.611275
Spain,ESP,2017,51.166035
Sri Lanka,LKA,1970,5.411685
Sri Lanka,LKA,1971,5.2556572
Sri Lanka,LKA,1972,5.3193951
Sri Lanka,LKA,1973,5.525281
Sri Lanka,LKA,1974,5.7335777
Sri Lanka,LKA,1975,5.4957595
Sri Lanka,LKA,1976,5.0424342
Sri Lanka,LKA,1977,4.6864061
Sri Lanka,LKA,1978,4.6677384
Sri Lanka,LKA,1979,4.2308011
Sri Lanka,LKA,1980,4.2048087
Sri Lanka,LKA,1981,4.5128546
Sri Lanka,LKA,1982,4.4556065
Sri Lanka,LKA,1983,4.4755354
Sri Lanka,LKA,1984,4.5949297
Sri Lanka,LKA,1985,5.0771379
Sri Lanka,LKA,1986,5.1383133
Sri Lanka,LKA,1987,5.2650232
Sri Lanka,LKA,1988,5.2627931
Sri Lanka,LKA,1989,5.3459659
Sri Lanka,LKA,1990,5.4257584
Sri Lanka,LKA,1991,5.4302697
Sri Lanka,LKA,1992,5.9061031
Sri Lanka,LKA,1993,6.0773473
Sri Lanka,LKA,1994,6.6652918
Sri Lanka,LKA,1995,6.8019209
Sri Lanka,LKA,1996,6.9810576
Sri Lanka,LKA,1997,7.4146829
Sri Lanka,LKA,1998,7.4071798
Sri Lanka,LKA,1999,7.3617606
Sri Lanka,LKA,2000,7.0103154
Sri Lanka,LKA,2001,7.2382412
Sri Lanka,LKA,2002,8.1122351
Sri Lanka,LKA,2003,9.0915899
Sri Lanka,LKA,2004,8.7101727
Sri Lanka,LKA,2005,8.7077026
Sri Lanka,LKA,2006,9.5143747
Sri Lanka,LKA,2007,10.397678
Sri Lanka,LKA,2008,10.579543
Sri Lanka,LKA,2009,11.958087
Sri Lanka,LKA,2010,12.680842
Sri Lanka,LKA,2011,13.664108
Sri Lanka,LKA,2012,14.551908
Sri Lanka,LKA,2013,16.188269
Sri Lanka,LKA,2014,16.819962
Sri Lanka,LKA,2015,17.75201
Sri Lanka,LKA,2016,18.275047
Sri Lanka,LKA,2017,18.845987
Sweden,SWE,1950,9.3135777
Sweden,SWE,1951,9.6460629
Sweden,SWE,1952,9.7475166
Sweden,SWE,1953,10.214843
Sweden,SWE,1954,10.708964
Sweden,SWE,1955,11.086463
Sweden,SWE,1956,11.608849
Sweden,SWE,1957,11.65848
Sweden,SWE,1958,11.961654
Sweden,SWE,1959,12.631723
Sweden,SWE,1960,12.850406
Sweden,SWE,1961,13.556516
Sweden,SWE,1962,14.109771
Sweden,SWE,1963,14.820919
Sweden,SWE,1964,15.953491
Sweden,SWE,1965,16.455084
Sweden,SWE,1966,16.837975
Sweden,SWE,1967,17.978148
Sweden,SWE,1968,18.858437
Sweden,SWE,1969,19.649834
Sweden,SWE,1970,20.595882
Sweden,SWE,1971,21.295525
Sweden,SWE,1972,22.271084
Sweden,SWE,1973,23.359753
Sweden,SWE,1974,23.707594
Sweden,SWE,1975,24.060511
Sweden,SWE,1976,23.948282
Sweden,SWE,1977,23.800276
Sweden,SWE,1978,24.876678
Sweden,SWE,1979,25.43255
Sweden,SWE,1980,25.287685
Sweden,SWE,1981,25.765833
Sweden,SWE,1982,25.850328
Sweden,SWE,1983,26.342127
Sweden,SWE,1984,27.390287
Sweden,SWE,1985,27.702642
Sweden,SWE,1986,29.532806
Sweden,SWE,1987,30.435497
Sweden,SWE,1988,30.848614
Sweden,SWE,1989,31.27763
Sweden,SWE,1990,31.584309
Sweden,SWE,1991,32.18689
Sweden,SWE,1992,33.023083
Sweden,SWE,1993,32.930569
Sweden,SWE,1994,34.592773
Sweden,SWE,1995,36.374081
Sweden,SWE,1996,37.536869
Sweden,SWE,1997,39.19149
Sweden,SWE,1998,40.153904
Sweden,SWE,1999,41.442719
Sweden,SWE,2000,43.837803
Sweden,SWE,2001,42.454762
Sweden,SWE,2002,43.205326
Sweden,SWE,2003,45.140656
Sweden,SWE,2004,46.927265
Sweden,SWE,2005,48.702824
Sweden,SWE,2006,50.185143
Sweden,SWE,2007,51.946018
Sweden,SWE,2008,52.568012
Sweden,SWE,2009,50.203243
Sweden,SWE,2010,51.550301
Sweden,SWE,2011,53.324692
Sweden,SWE,2012,53.895897
Sweden,SWE,2013,52.964497
Sweden,SWE,2014,52.183731
Sweden,SWE,2015,53.316845
Sweden,SWE,2016,52.277542
Sweden,SWE,2017,54.095798
Switzerland,CHE,1950,13.755384
Switzerland,CHE,1951,14.466039
Switzerland,CHE,1952,14.265388
Switzerland,CHE,1953,14.782806
Switzerland,CHE,1954,15.663818
Switzerland,CHE,1955,16.55069
Switzerland,CHE,1956,17.304527
Switzerland,CHE,1957,17.616962
Switzerland,CHE,1958,17.198545
Switzerland,CHE,1959,18.570232
Switzerland,CHE,1960,19.644293
Switzerland,CHE,1961,20.30913
Switzerland,CHE,1962,20.479395
Switzerland,CHE,1963,21.072065
Switzerland,CHE,1964,21.928774
Switzerland,CHE,1965,22.600174
Switzerland,CHE,1966,23.20771
Switzerland,CHE,1967,23.821196
Switzerland,CHE,1968,24.526016
Switzerland,CHE,1969,25.463591
Switzerland,CHE,1970,26.666979
Switzerland,CHE,1971,27.507683
Switzerland,CHE,1972,28.398193
Switzerland,CHE,1973,29.34095
Switzerland,CHE,1974,30.168015
Switzerland,CHE,1975,28.686878
Switzerland,CHE,1976,28.966627
Switzerland,CHE,1977,29.862709
Switzerland,CHE,1978,30.440948
Switzerland,CHE,1979,31.493221
Switzerland,CHE,1980,32.674221
Switzerland,CHE,1981,32.497658
Switzerland,CHE,1982,32.428082
Switzerland,CHE,1983,32.958683
Switzerland,CHE,1984,33.393913
Switzerland,CHE,1985,33.644577
Switzerland,CHE,1986,34.96983
Switzerland,CHE,1987,34.884418
Switzerland,CHE,1988,34.744297
Switzerland,CHE,1989,35.727234
Switzerland,CHE,1990,36.801765
Switzerland,CHE,1991,35.861683
Switzerland,CHE,1992,36.340626
Switzerland,CHE,1993,37.194111
Switzerland,CHE,1994,37.88168
Switzerland,CHE,1995,38.973148
Switzerland,CHE,1996,40.029587
Switzerland,CHE,1997,41.998623
Switzerland,CHE,1998,42.469669
Switzerland,CHE,1999,43.138912
Switzerland,CHE,2000,43.548088
Switzerland,CHE,2001,43.743847
Switzerland,CHE,2002,44.39362
Switzerland,CHE,2003,45.040958
Switzerland,CHE,2004,45.773201
Switzerland,CHE,2005,49.400242
Switzerland,CHE,2006,51.734818
Switzerland,CHE,2007,56.079521
Switzerland,CHE,2008,59.399303
Switzerland,CHE,2009,58.402611
Switzerland,CHE,2010,60.988441
Switzerland,CHE,2011,65.260918
Switzerland,CHE,2012,66.947632
Switzerland,CHE,2013,68.069656
Switzerland,CHE,2014,69.212776
Switzerland,CHE,2015,68.097389
Switzerland,CHE,2016,67.68856
Switzerland,CHE,2017,69.256592
Taiwan,TWN,1951,1.6729151
Taiwan,TWN,1952,1.8295351
Taiwan,TWN,1953,1.9940722
Taiwan,TWN,1954,2.1461239
Taiwan,TWN,1955,2.285095
Taiwan,TWN,1956,2.3857563
Taiwan,TWN,1957,2.5258973
Taiwan,TWN,1958,2.6685727
Taiwan,TWN,1959,2.8837121
Taiwan,TWN,1960,3.0625846
Taiwan,TWN,1961,3.1425402
Taiwan,TWN,1962,3.2812347
Taiwan,TWN,1963,3.5005012
Taiwan,TWN,1964,3.8612237
Taiwan,TWN,1965,4.2794647
Taiwan,TWN,1966,4.5434718
Taiwan,TWN,1967,4.8073411
Taiwan,TWN,1968,5.1096606
Taiwan,TWN,1969,5.2821059
Taiwan,TWN,1970,5.5786657
Taiwan,TWN,1971,6.1158366
Taiwan,TWN,1972,6.7371287
Taiwan,TWN,1973,7.10853
Taiwan,TWN,1974,7.1130843
Taiwan,TWN,1975,7.390986
Taiwan,TWN,1976,8.344099
Taiwan,TWN,1977,8.8323841
Taiwan,TWN,1978,9.709836
Taiwan,TWN,1979,9.9926167
Taiwan,TWN,1980,10.822056
Taiwan,TWN,1981,11.313329
Taiwan,TWN,1982,11.772607
Taiwan,TWN,1983,12.442025
Taiwan,TWN,1984,13.289293
Taiwan,TWN,1985,13.101109
Taiwan,TWN,1986,14.67983
Taiwan,TWN,1987,16.174582
Taiwan,TWN,1988,17.278013
Taiwan,TWN,1989,18.644661
Taiwan,TWN,1990,20.666098
Taiwan,TWN,1991,21.801857
Taiwan,TWN,1992,22.851614
Taiwan,TWN,1993,23.466629
Taiwan,TWN,1994,24.661728
Taiwan,TWN,1995,25.460447
Taiwan,TWN,1996,27.437317
Taiwan,TWN,1997,29.610477
Taiwan,TWN,1998,29.889528
Taiwan,TWN,1999,30.939945
Taiwan,TWN,2000,32.614681
Taiwan,TWN,2001,32.703625
Taiwan,TWN,2002,33.845913
Taiwan,TWN,2003,34.374157
Taiwan,TWN,2004,35.002575
Taiwan,TWN,2005,37.025234
Taiwan,TWN,2006,36.703526
Taiwan,TWN,2007,37.255722
Taiwan,TWN,2008,36.419056
Taiwan,TWN,2009,35.879715
Taiwan,TWN,2010,38.292358
Taiwan,TWN,2011,39.260715
Taiwan,TWN,2012,38.479519
Taiwan,TWN,2013,39.08601
Taiwan,TWN,2014,40.906307
Taiwan,TWN,2015,40.959194
Taiwan,TWN,2016,42.738758
Taiwan,TWN,2017,43.47332
Thailand,THA,1970,2.1819496
Thailand,THA,1971,2.2195685
Thailand,THA,1972,2.5050879
Thailand,THA,1973,2.4515471
Thailand,THA,1974,2.4901617
Thailand,THA,1975,2.5068989
Thailand,THA,1976,2.617445
Thailand,THA,1977,2.7585428
Thailand,THA,1978,2.7553186
Thailand,THA,1979,2.8036926
Thailand,THA,1980,2.6412132
Thailand,THA,1981,2.7670476
Thailand,THA,1982,3.1381042
Thailand,THA,1983,2.8316355
Thailand,THA,1984,2.8412185
Thailand,THA,1985,2.9647026
Thailand,THA,1986,2.9013543
Thailand,THA,1987,3.0823689
Thailand,THA,1988,3.1883211
Thailand,THA,1989,3.2362373
Thailand,THA,1990,3.7087846
Thailand,THA,1991,3.8489113
Thailand,THA,1992,4.0645313
Thailand,THA,1993,4.5699396
Thailand,THA,1994,4.88799
Thailand,THA,1995,5.4783282
Thailand,THA,1996,6.2385659
Thailand,THA,1997,5.7028332
Thailand,THA,1998,4.8655472
Thailand,THA,1999,5.0912862
Thailand,THA,2000,5.088522
Thailand,THA,2001,5.4017973
Thailand,THA,2002,5.7476411
Thailand,THA,2003,6.1504655
Thailand,THA,2004,6.4544826
Thailand,THA,2005,7.1672063
Thailand,THA,2006,7.595293
Thailand,THA,2007,7.9467874
Thailand,THA,2008,8.2848186
Thailand,THA,2009,8.0090408
Thailand,THA,2010,9.0369587
Thailand,THA,2011,9.4008026
Thailand,THA,2012,10.307821
Thailand,THA,2013,10.834773
Thailand,THA,2014,11.119384
Thailand,THA,2015,11.716516
Thailand,THA,2016,12.072452
Thailand,THA,2017,12.848203
Trinidad and Tobago,TTO,1991,20.09968
Trinidad and Tobago,TTO,1992,19.057653
Trinidad and Tobago,TTO,1993,17.651609
Trinidad and Tobago,TTO,1994,16.969936
Trinidad and Tobago,TTO,1995,16.247993
Trinidad and Tobago,TTO,1996,15.312459
Trinidad and Tobago,TTO,1997,14.912743
Trinidad and Tobago,TTO,1998,14.031085
Trinidad and Tobago,TTO,1999,16.15819
Trinidad and Tobago,TTO,2000,18.826574
Trinidad and Tobago,TTO,2001,17.300467
Trinidad and Tobago,TTO,2002,17.7778
Turkey,TUR,1970,9.7152719
Turkey,TUR,1971,9.8769131
Turkey,TUR,1972,10.509879
Turkey,TUR,1973,10.972129
Turkey,TUR,1974,12.270225
Turkey,TUR,1975,13.139648
Turkey,TUR,1976,14.443499
Turkey,TUR,1977,13.776988
Turkey,TUR,1978,13.138212
Turkey,TUR,1979,12.921111
Turkey,TUR,1980,12.593265
Turkey,TUR,1981,14.02202
Turkey,TUR,1982,13.925006
Turkey,TUR,1983,14.541535
Turkey,TUR,1984,15.721215
Turkey,TUR,1985,16.114084
Turkey,TUR,1986,16.957092
Turkey,TUR,1987,18.912376
Turkey,TUR,1988,18.9877
Turkey,TUR,1989,18.096487
Turkey,TUR,1990,19.182131
Turkey,TUR,1991,17.845724
Turkey,TUR,1992,18.255903
Turkey,TUR,1993,20.888775
Turkey,TUR,1994,18.472488
Turkey,TUR,1995,19.406322
Turkey,TUR,1996,21.001987
Turkey,TUR,1997,22.431061
Turkey,TUR,1998,21.60709
Turkey,TUR,1999,19.981384
Turkey,TUR,2000,21.893015
Turkey,TUR,2001,21.272215
Turkey,TUR,2002,21.081379
Turkey,TUR,2003,20.731674
Turkey,TUR,2004,22.9039
Turkey,TUR,2005,24.603884
Turkey,TUR,2006,27.537912
Turkey,TUR,2007,30.054497
Turkey,TUR,2008,31.684952
Turkey,TUR,2009,31.046587
Turkey,TUR,2010,33.715973
Turkey,TUR,2011,36.188934
Turkey,TUR,2012,37.3279
Turkey,TUR,2013,39.193764
Turkey,TUR,2014,40.63913
Turkey,TUR,2015,43.169426
Turkey,TUR,2016,42.886116
Turkey,TUR,2017,44.460178
United Kingdom,GBR,1950,9.241622
United Kingdom,GBR,1951,9.3618612
United Kingdom,GBR,1952,9.4685307
United Kingdom,GBR,1953,9.893465
United Kingdom,GBR,1954,10.111663
United Kingdom,GBR,1955,10.426188
United Kingdom,GBR,1956,10.624001
United Kingdom,GBR,1957,10.934814
United Kingdom,GBR,1958,11.254846
United Kingdom,GBR,1959,11.849011
United Kingdom,GBR,1960,12.274201
United Kingdom,GBR,1961,12.668812
United Kingdom,GBR,1962,12.97224
United Kingdom,GBR,1963,13.517695
United Kingdom,GBR,1964,14.184694
United Kingdom,GBR,1965,14.582378
United Kingdom,GBR,1966,15.232635
United Kingdom,GBR,1967,15.916651
United Kingdom,GBR,1968,16.744274
United Kingdom,GBR,1969,17.153103
United Kingdom,GBR,1970,18.06889
United Kingdom,GBR,1971,18.953251
United Kingdom,GBR,1972,19.272156
United Kingdom,GBR,1973,20.209448
United Kingdom,GBR,1974,19.629646
United Kingdom,GBR,1975,19.625914
United Kingdom,GBR,1976,20.809666
United Kingdom,GBR,1977,21.649292
United Kingdom,GBR,1978,22.986151
United Kingdom,GBR,1979,24.093683
United Kingdom,GBR,1980,24.945171
United Kingdom,GBR,1981,25.637903
United Kingdom,GBR,1982,26.249666
United Kingdom,GBR,1983,27.167421
United Kingdom,GBR,1984,26.867298
United Kingdom,GBR,1985,26.988237
United Kingdom,GBR,1986,27.177847
United Kingdom,GBR,1987,27.755659
United Kingdom,GBR,1988,27.717958
United Kingdom,GBR,1989,27.325104
United Kingdom,GBR,1990,27.650463
United Kingdom,GBR,1991,27.933634
United Kingdom,GBR,1992,28.656321
United Kingdom,GBR,1993,29.743893
United Kingdom,GBR,1994,30.123682
United Kingdom,GBR,1995,32.983772
United Kingdom,GBR,1996,34.653767
United Kingdom,GBR,1997,36.149155
United Kingdom,GBR,1998,36.728088
United Kingdom,GBR,1999,37.803783
United Kingdom,GBR,2000,40.075096
United Kingdom,GBR,2001,40.496998
United Kingdom,GBR,2002,40.761047
United Kingdom,GBR,2003,41.479942
United Kingdom,GBR,2004,42.140167
United Kingdom,GBR,2005,44.554199
United Kingdom,GBR,2006,44.93306
United Kingdom,GBR,2007,44.38929
United Kingdom,GBR,2008,45.404144
United Kingdom,GBR,2009,43.292732
United Kingdom,GBR,2010,45.687309
United Kingdom,GBR,2011,46.154877
United Kingdom,GBR,2012,46.208519
United Kingdom,GBR,2013,47.605621
United Kingdom,GBR,2014,46.869606
United Kingdom,GBR,2015,47.818005
United Kingdom,GBR,2016,47.326241
United Kingdom,GBR,2017,48.47868
United States,USA,1950,18.140602
United States,USA,1951,18.428661
United States,USA,1952,18.856224
United States,USA,1953,19.512449
United States,USA,1954,20.034237
United States,USA,1955,20.884556
United States,USA,1956,21.015562
United States,USA,1957,21.663401
United States,USA,1958,22.211279
United States,USA,1959,23.010408
United States,USA,1960,23.487125
United States,USA,1961,24.25445
United States,USA,1962,25.088959
United States,USA,1963,26.005913
United States,USA,1964,26.880728
United States,USA,1965,27.686653
United States,USA,1966,28.474615
United States,USA,1967,28.837688
United States,USA,1968,29.659887
United States,USA,1969,29.88081
United States,USA,1970,30.454054
United States,USA,1971,31.734072
United States,USA,1972,32.629818
United States,USA,1973,33.607967
United States,USA,1974,33.173157
United States,USA,1975,33.968956
United States,USA,1976,34.92168
United States,USA,1977,35.379436
United States,USA,1978,35.834381
United States,USA,1979,36.03878
United States,USA,1980,36.034557
United States,USA,1981,36.81805
United States,USA,1982,36.580647
United States,USA,1983,37.573624
United States,USA,1984,38.53056
United States,USA,1985,38.96814
United States,USA,1986,39.760429
United States,USA,1987,39.943665
United States,USA,1988,40.454117
United States,USA,1989,40.781513
United States,USA,1990,41.33522
United States,USA,1991,41.850613
United States,USA,1992,43.590973
United States,USA,1993,44.014053
United States,USA,1994,44.520851
United States,USA,1995,44.88369
United States,USA,1996,45.857944
United States,USA,1997,46.770359
United States,USA,1998,47.856991
United States,USA,1999,49.21479
United States,USA,2000,50.509956
United States,USA,2001,51.485168
United States,USA,2002,52.848087
United States,USA,2003,54.607567
United States,USA,2004,56.122726
United States,USA,2005,57.302429
United States,USA,2006,57.924629
United States,USA,2007,58.592964
United States,USA,2008,59.200611
United States,USA,2009,60.894161
United States,USA,2010,62.596642
United States,USA,2011,62.71867
United States,USA,2012,63.18409
United States,USA,2013,63.722698
United States,USA,2014,64.186951
United States,USA,2015,64.56395
United States,USA,2016,64.715569
United States,USA,2017,65.512207
Uruguay,URY,1990,10.998369
Uruguay,URY,1991,11.686223
Uruguay,URY,1992,12.969623
Uruguay,URY,1993,13.335964
Uruguay,URY,1994,14.079898
Uruguay,URY,1995,13.789325
Uruguay,URY,1996,15.027503
Uruguay,URY,1997,15.246481
Uruguay,URY,1998,16.475063
Uruguay,URY,1999,16.008389
Uruguay,URY,2000,15.676315
Uruguay,URY,2001,15.154122
Uruguay,URY,2002,14.820719
Uruguay,URY,2003,15.028112
Uruguay,URY,2004,14.68551
Uruguay,URY,2005,15.142659
Uruguay,URY,2006,15.367106
Uruguay,URY,2007,16.298527
Uruguay,URY,2008,17.669302
Uruguay,URY,2009,18.677153
Uruguay,URY,2010,21.182747
Uruguay,URY,2011,22.009409
Uruguay,URY,2012,24.295664
Uruguay,URY,2013,24.682686
Uruguay,URY,2014,25.307562
Uruguay,URY,2015,25.210814
Uruguay,URY,2016,25.694904
Uruguay,URY,2017,26.033661
Venezuela,VEN,1950,7.5478311
Venezuela,VEN,1951,8.1335726
Venezuela,VEN,1952,9.077898
Venezuela,VEN,1953,9.1032772
Venezuela,VEN,1954,9.8269978
Venezuela,VEN,1955,10.157681
Venezuela,VEN,1956,10.68976
Venezuela,VEN,1957,11.391913
Venezuela,VEN,1958,11.717723
Venezuela,VEN,1959,11.987491
Venezuela,VEN,1960,10.955231
Venezuela,VEN,1961,11.052633
Venezuela,VEN,1962,11.607657
Venezuela,VEN,1963,12.16325
Venezuela,VEN,1964,13.209854
Venezuela,VEN,1965,13.363421
Venezuela,VEN,1966,13.133319
Venezuela,VEN,1967,13.294883
Venezuela,VEN,1968,14.500454
Venezuela,VEN,1969,15.013263
Venezuela,VEN,1970,16.62715
Venezuela,VEN,1971,15.528718
Venezuela,VEN,1972,15.510258
Venezuela,VEN,1973,16.520229
Venezuela,VEN,1974,19.49087
Venezuela,VEN,1975,18.303972
Venezuela,VEN,1976,19.689531
Venezuela,VEN,1977,20.080412
Venezuela,VEN,1978,18.761992
Venezuela,VEN,1979,19.303806
Venezuela,VEN,1980,16.876102
Venezuela,VEN,1981,16.378145
Venezuela,VEN,1982,15.274876
Venezuela,VEN,1983,15.388285
Venezuela,VEN,1984,15.808309
Venezuela,VEN,1985,14.507582
Venezuela,VEN,1986,12.959608
Venezuela,VEN,1987,12.649525
Venezuela,VEN,1988,12.391232
Venezuela,VEN,1989,11.617335
Venezuela,VEN,1990,11.973074
Venezuela,VEN,1991,12.397735
Venezuela,VEN,1992,12.448199
Venezuela,VEN,1993,11.60274
Venezuela,VEN,1994,10.677702
Venezuela,VEN,1995,10.690738
Venezuela,VEN,1996,10.387681
Venezuela,VEN,1997,9.9979649
Venezuela,VEN,1998,8.7254438
Venezuela,VEN,1999,9.1173964
Venezuela,VEN,2000,10.817652
Venezuela,VEN,2001,10.039947
Venezuela,VEN,2002,9.4608641
Venezuela,VEN,2003,9.2923651
Venezuela,VEN,2004,10.846614
Venezuela,VEN,2005,13.34609
Venezuela,VEN,2006,15.282747
Vietnam,VNM,1970,0.7653636
Vietnam,VNM,1971,0.7537016
Vietnam,VNM,1972,0.843436
Vietnam,VNM,1973,0.7923938
Vietnam,VNM,1974,0.8207877
Vietnam,VNM,1975,0.7251787
Vietnam,VNM,1976,0.7861463
Vietnam,VNM,1977,0.8755842
Vietnam,VNM,1978,0.8739468
Vietnam,VNM,1979,0.9282178
Vietnam,VNM,1980,0.9311109
Vietnam,VNM,1981,0.9150859
Vietnam,VNM,1982,0.8796166
Vietnam,VNM,1983,0.895425
Vietnam,VNM,1984,0.9210881
Vietnam,VNM,1985,0.9411678
Vietnam,VNM,1986,0.9166509
Vietnam,VNM,1987,0.9184849
Vietnam,VNM,1988,0.9457802
Vietnam,VNM,1989,0.9185069
Vietnam,VNM,1990,0.9175378
Vietnam,VNM,1991,1.0096093
Vietnam,VNM,1992,1.0640053
Vietnam,VNM,1993,1.1709788
Vietnam,VNM,1994,1.2156523
Vietnam,VNM,1995,1.2822703
Vietnam,VNM,1996,1.4304736
Vietnam,VNM,1997,1.7518899
Vietnam,VNM,1998,1.7321144
Vietnam,VNM,1999,1.6941166
Vietnam,VNM,2000,1.7944782
Vietnam,VNM,2001,2.0123045
Vietnam,VNM,2002,2.1616361
Vietnam,VNM,2003,2.2803051
Vietnam,VNM,2004,2.4667177
Vietnam,VNM,2005,2.6798675
Vietnam,VNM,2006,2.8026569
Vietnam,VNM,2007,3.1079249
Vietnam,VNM,2008,3.1511092
Vietnam,VNM,2009,2.9808087
Vietnam,VNM,2010,3.4850793
Vietnam,VNM,2011,3.629915
Vietnam,VNM,2012,3.7662969
Vietnam,VNM,2013,3.9935246
Vietnam,VNM,2014,4.4392929
Vietnam,VNM,2015,4.4738555
Vietnam,VNM,2016,4.5026927
Vietnam,VNM,2017,4.8189182